state,birth_year,birth_month,LBW_ratio,latitude,longitude,mp1,mp2,mp3,mp4,mp5
Alabama,2016.0,1,0.1091894144613461,32.7794,-86.8287,0.0005,0.0063333333333333,0.0063333333333333,0.323,0.0063333333333333
Alabama,2016.0,10,0.1027397260273972,32.7794,-86.8287,0.323,634.5971904761905,1081.081081081081,534.787380952381,734.407
Alabama,2016.0,11,0.1077551020408163,32.7794,-86.8287,721.0371774193549,721.0371774193549,850.0,721.0371774193549,2.43875
Alabama,2016.0,12,0.1060421735604217,32.7794,-86.8287,728.251090909091,1304.3478260869565,493.6539423076923,728.251090909091,728.251090909091
Alabama,2016.0,2,0.0884786760025461,32.7794,-86.8287,0.0005,0.0063333333333333,0.323,0.0063333333333333,0.0063333333333333
Alabama,2016.0,3,0.1035699460356994,32.7794,-86.8287,0.0063333333333333,0.323,0.323,0.323,1304.3478260869565
Alabama,2016.0,4,0.1047387068201948,32.7794,-86.8287,0.0063333333333333,0.323,0.323,0.323,1081.081081081081
Alabama,2016.0,5,0.1028797996661101,32.7794,-86.8287,0.0063333333333333,0.323,0.323,0.323,850.0
Alabama,2016.0,6,0.1051795991268108,32.7794,-86.8287,493.6539423076923,0.323,493.6539423076923,1304.3478260869565,493.6539423076923
Alabama,2016.0,7,0.1072279586973788,32.7794,-86.8287,534.787380952381,0.323,534.787380952381,1081.081081081081,534.787380952381
Alabama,2016.0,8,0.0983267531490881,32.7794,-86.8287,0.323,721.0371774193549,721.0371774193549,850.0,721.0371774193549
Alabama,2016.0,9,0.1017013955266679,32.7794,-86.8287,0.323,610.9525166083916,1304.3478260869565,493.6539423076923,728.251090909091
Alabama,2017.0,1,0.1003861003861003,32.7794,-86.8287,634.5971904761905,1081.081081081081,534.787380952381,734.407,400.8
Alabama,2017.0,10,0.1065557536145771,32.7794,-86.8287,734.407,400.8,926.5731343283584,734.407,734.407
Alabama,2017.0,11,0.1141993957703927,32.7794,-86.8287,2.43875,334.17380952380944,1161.302,334.17380952380944,334.17380952380944
Alabama,2017.0,12,0.103582395087001,32.7794,-86.8287,919.4773892773893,607.189393939394,1231.7653846153846,919.4773892773893,919.4773892773893
Alabama,2017.0,2,0.0919207656354329,32.7794,-86.8287,527.6054934715821,850.0,721.0371774193549,2.43875,334.17380952380944
Alabama,2017.0,3,0.0994164235097957,32.7794,-86.8287,1304.3478260869565,493.6539423076923,728.251090909091,667.7202424242425,607.189393939394
Alabama,2017.0,4,0.0954337899543379,32.7794,-86.8287,1081.081081081081,534.787380952381,734.407,400.8,926.5731343283584
Alabama,2017.0,5,0.1003576688407321,32.7794,-86.8287,850.0,721.0371774193549,2.43875,334.17380952380944,1161.302
Alabama,2017.0,6,0.0935745477230193,32.7794,-86.8287,493.6539423076923,728.251090909091,667.7202424242425,607.189393939394,1231.7653846153846
Alabama,2017.0,7,0.1064631245043616,32.7794,-86.8287,534.787380952381,734.407,400.8,926.5731343283584,634.5971904761905
Alabama,2017.0,8,0.1046343229543808,32.7794,-86.8287,721.0371774193549,2.43875,334.17380952380944,1161.302,527.6054934715821
Alabama,2017.0,9,0.1040906472056846,32.7794,-86.8287,728.251090909091,728.251090909091,607.189393939394,1231.7653846153846,728.251090909091
Alabama,2018.0,1,0.1106792144026186,32.7794,-86.8287,400.8,926.5731343283584,663.6865671641792,663.6865671641792,663.6865671641792
Alabama,2018.0,2,0.1058579335793357,32.7794,-86.8287,334.17380952380944,1161.302,747.7379047619047,747.7379047619047,747.7379047619047
Alabama,2018.0,3,0.0953483477162702,32.7794,-86.8287,607.189393939394,1231.7653846153846,919.4773892773893,919.4773892773893,919.4773892773893
Alabama,2018.0,4,0.109769984058301,32.7794,-86.8287,926.5731343283584,926.5731343283584,926.5731343283584,926.5731343283584,926.5731343283584
Alabama,2018.0,5,0.1069709022398995,32.7794,-86.8287,1161.302,1161.302,1161.302,1161.302,1161.302
Alabama,2018.0,6,0.1002311409960075,32.7794,-86.8287,1231.7653846153846,1231.7653846153846,1231.7653846153846,1231.7653846153846,1231.7653846153846
California,2016.0,1,0.0676613374679104,37.1841,-119.469,0.0012857142857142,0.1931784444444444,0.253352,0.0978392222222222,0.0025
California,2016.0,10,0.0685255757805288,37.1841,-119.469,0.0025,0.0025,0.006,0.0005,0.0025
California,2016.0,11,0.0697557921102066,37.1841,-119.469,0.0025,0.0025,0.006,0.0005,0.0025
California,2016.0,12,0.0696492750030982,37.1841,-119.469,0.0025,0.003,0.0035,0.0,0.410987
California,2016.0,2,0.0690129663932257,37.1841,-119.469,0.002090909090909,0.4443416666666666,0.2074792,0.1049896,0.0025
California,2016.0,3,0.0675361538649766,37.1841,-119.469,0.0049999999999999,0.2880119,0.0049999999999999,0.0025,0.0049999999999999
California,2016.0,4,0.0696048474804495,37.1841,-119.469,0.1931784444444444,0.253352,0.0995892222222222,0.0025,0.006
California,2016.0,5,0.071605499949449,37.1841,-119.469,0.4443416666666666,0.2074792,0.1067396,0.0025,0.006
California,2016.0,6,0.0677829738019812,37.1841,-119.469,0.2880119,0.0035,0.0025,0.0035,0.0035
California,2016.0,7,0.0698019922550476,37.1841,-119.469,0.253352,0.00425,0.0025,0.006,0.0005
California,2016.0,8,0.0661736948460018,37.1841,-119.469,0.2074792,0.00425,0.0025,0.006,0.0005
California,2016.0,9,0.0654199267333001,37.1841,-119.469,0.0025,0.0025,0.0025,0.0035,0.0
California,2017.0,1,0.0717951323611605,37.1841,-119.469,0.0025,0.006,0.0005,0.00425,0.410987
California,2017.0,10,0.0683893963020717,37.1841,-119.469,0.410987,0.410987,0.410987,0.410987,0.410987
California,2017.0,11,0.0690357161263722,37.1841,-119.469,0.410987,0.410987,0.410987,0.410987,0.410987
California,2017.0,12,0.0694043250839253,37.1841,-119.469,0.410987,0.410987,0.410987,0.410987,0.410987
California,2017.0,2,0.0671629353924782,37.1841,-119.469,0.0025,0.006,0.0005,0.00425,0.410987
California,2017.0,3,0.0680110412513418,37.1841,-119.469,0.0035,0.0035,0.0,0.410987,0.0035
California,2017.0,4,0.0694001190025423,37.1841,-119.469,0.006,0.0005,0.006,0.410987,0.006
California,2017.0,5,0.068248730964467,37.1841,-119.469,0.006,0.0005,0.006,0.410987,0.006
California,2017.0,6,0.0684741585149811,37.1841,-119.469,0.0035,0.0,0.410987,0.0035,0.0035
California,2017.0,7,0.070427755949292,37.1841,-119.469,0.0005,0.2057435,0.410987,0.2057435,0.2057435
California,2017.0,8,0.0676392572944297,37.1841,-119.469,0.0005,0.2057435,0.410987,0.2057435,0.2057435
California,2017.0,9,0.0677389794540368,37.1841,-119.469,0.0,0.410987,0.2054935,0.2054935,0.2054935
California,2018.0,1,0.0705343111576741,37.1841,-119.469,0.410987,0.410987,0.410987,0.410987,0.410987
California,2018.0,10,0.0698562158035373,37.1841,-119.469,0.2237489999999999,0.2237489999999999,1579.68970394,0.172157,0.2237489999999999
California,2018.0,11,0.0727053203496154,37.1841,-119.469,0.2237489999999999,0.2237489999999999,1579.68970394,0.172157,0.2237489999999999
California,2018.0,12,0.0685306871691186,37.1841,-119.469,1441.121369956522,1527.9736719666664,1441.121369956522,0.2237489999999999,1441.121369956522
California,2018.0,2,0.0682101720486262,37.1841,-119.469,0.410987,0.410987,0.410987,0.410987,0.410987
California,2018.0,3,0.0705614768189151,37.1841,-119.469,1527.9736719666664,1527.9736719666664,1527.9736719666664,1527.9736719666664,1527.9736719666664
California,2018.0,4,0.0706113843991567,37.1841,-119.469,1579.68970394,1579.68970394,1579.68970394,1579.68970394,1579.68970394
California,2018.0,5,0.0723188018186681,37.1841,-119.469,1579.68970394,1579.68970394,1579.68970394,1579.68970394,1579.68970394
California,2018.0,6,0.0700544959128065,37.1841,-119.469,1484.5475209615943,1484.5475209615943,1484.5475209615943,1527.9736719666664,1441.121369956522
California,2018.0,7,0.0695349189516739,37.1841,-119.469,789.93093047,789.93093047,789.93093047,1579.68970394,0.172157
California,2018.0,8,0.0680209220289502,37.1841,-119.469,789.93093047,789.93093047,789.93093047,1579.68970394,0.172157
California,2018.0,9,0.0666683728310385,37.1841,-119.469,1441.121369956522,1441.121369956522,1527.9736719666664,1441.121369956522,0.2237489999999999
California,2019.0,1,0.0733169217596061,37.1841,-119.469,0.2237489999999999,1579.68970394,0.172157,0.2237489999999999,0.2237489999999999
California,2019.0,10,0.068644412782414,37.1841,-119.469,0.2237489999999999,0.2237489999999999,0.2237489999999999,0.2237489999999999,0.2237489999999999
California,2019.0,11,0.072802464681229,37.1841,-119.469,0.2237489999999999,0.2237489999999999,0.2237489999999999,0.2237489999999999,0.2237489999999999
California,2019.0,2,0.0702768033487604,37.1841,-119.469,0.2237489999999999,1579.68970394,0.172157,0.2237489999999999,0.2237489999999999
California,2019.0,3,0.0713189151337229,37.1841,-119.469,1527.9736719666664,1441.121369956522,0.2237489999999999,1441.121369956522,1441.121369956522
California,2019.0,4,0.0695550418129406,37.1841,-119.469,1579.68970394,0.172157,0.2237489999999999,0.2237489999999999,0.2237489999999999
California,2019.0,5,0.0706559571619812,37.1841,-119.469,1579.68970394,0.172157,0.2237489999999999,0.2237489999999999,0.2237489999999999
California,2019.0,6,0.0701734688149104,37.1841,-119.469,1441.121369956522,0.2237489999999999,720.672559478261,720.672559478261,720.672559478261
California,2019.0,7,0.0722658240750178,37.1841,-119.469,0.172157,0.2237489999999999,0.19795299999999993,0.19795299999999993,0.19795299999999993
California,2019.0,8,0.0707309193031289,37.1841,-119.469,0.172157,0.2237489999999999,0.19795299999999993,0.19795299999999993,0.19795299999999993
California,2019.0,9,0.0698347855314528,37.1841,-119.469,0.2237489999999999,0.2237489999999999,0.2237489999999999,0.2237489999999999,0.2237489999999999
Connecticut,2016.0,1,0.0885896527285613,41.6219,-72.7273,0.002,0.00375,0.0176153846153846,0.1216666666666666,0.0139999999999999
Connecticut,2016.0,10,0.0731623931623931,41.6219,-72.7273,0.1216666666666666,0.0139999999999999,0.0032,0.0056666666666666,0.0006666666666666
Connecticut,2016.0,11,0.079175704989154,41.6219,-72.7273,0.006,0.0069999999999999,0.006,0.00125,0.006
Connecticut,2016.0,12,0.0883846935320013,41.6219,-72.7273,0.0139999999999999,0.0,0.006,0.00125,0.003625
Connecticut,2016.0,2,0.0699925539836187,41.6219,-72.7273,0.002,0.0042222222222222,0.0390666666666666,0.00561111111111105,0.0069999999999999
Connecticut,2016.0,3,0.086635325721961,41.6219,-72.7273,0.0015,0.0071666666666666,0.0476666666666666,0.0139999999999999,0.0
Connecticut,2016.0,4,0.0747051114023591,41.6219,-72.7273,0.00375,0.0176153846153846,0.1216666666666666,0.0139999999999999,0.0032
Connecticut,2016.0,5,0.074784276126558,41.6219,-72.7273,0.0042222222222222,0.0390666666666666,0.00649999999999995,0.0069999999999999,0.006
Connecticut,2016.0,6,0.0715673575129533,41.6219,-72.7273,0.0071666666666666,0.0476666666666666,0.0139999999999999,0.0,0.006
Connecticut,2016.0,7,0.0663492063492063,41.6219,-72.7273,0.0176153846153846,0.1216666666666666,0.0139999999999999,0.0032,0.0056666666666666
Connecticut,2016.0,8,0.0757622420696027,41.6219,-72.7273,0.0390666666666666,0.00649999999999995,0.0069999999999999,0.006,0.00125
Connecticut,2016.0,9,0.0703452726686027,41.6219,-72.7273,0.0476666666666666,0.0139999999999999,0.0,0.006,0.00125
Connecticut,2017.0,1,0.0863439306358381,41.6219,-72.7273,0.0139999999999999,0.0032,0.0056666666666666,0.0006666666666666,0.0044333333333333004
Connecticut,2017.0,10,0.0831353919239905,41.6219,-72.7273,0.0006666666666666,0.0006666666666666,0.0006666666666666,0.0006666666666666,0.0006666666666666
Connecticut,2017.0,2,0.0737417089348419,41.6219,-72.7273,0.0069999999999999,0.006,0.00125,0.006,0.006
Connecticut,2017.0,3,0.0807265388496468,41.6219,-72.7273,0.0,0.006,0.00125,0.00125,0.00125
Connecticut,2017.0,4,0.0870767104353835,41.6219,-72.7273,0.0032,0.0056666666666666,0.0006666666666666,0.0032,0.0032
Connecticut,2017.0,5,0.0834976988823142,41.6219,-72.7273,0.006,0.00125,0.003625,0.003625,0.003625
Connecticut,2017.0,6,0.0832500832500832,41.6219,-72.7273,0.006,0.00125,0.003625,0.003625,0.003625
Connecticut,2017.0,7,0.0762627930009904,41.6219,-72.7273,0.0056666666666666,0.0006666666666666,0.0031666666666666002,0.0031666666666666002,0.0031666666666666002
Connecticut,2017.0,8,0.0752351097178683,41.6219,-72.7273,0.00125,0.00125,0.00125,0.00125,0.00125
Connecticut,2017.0,9,0.0756463453558889,41.6219,-72.7273,0.00125,0.00125,0.00125,0.00125,0.00125
Connecticut,2018.0,10,0.0765985069782538,41.6219,-72.7273,29.666666666666668,29.666666666666668,29.666666666666668,29.666666666666668,29.666666666666668
Connecticut,2018.0,11,0.073706591070163,41.6219,-72.7273,29.666666666666668,29.666666666666668,29.666666666666668,29.666666666666668,29.666666666666668
Connecticut,2018.0,12,0.0854792560801144,41.6219,-72.7273,29.666666666666668,29.666666666666668,29.666666666666668,29.666666666666668,29.666666666666668
Connecticut,2018.0,2,0.0838709677419354,41.6219,-72.7273,29.666666666666668,29.666666666666668,29.666666666666668,29.666666666666668,29.666666666666668
Connecticut,2018.0,3,0.0787564766839378,41.6219,-72.7273,29.666666666666668,29.666666666666668,29.666666666666668,29.666666666666668,29.666666666666668
Connecticut,2018.0,4,0.0735030476873431,41.6219,-72.7273,29.666666666666668,29.666666666666668,29.666666666666668,29.666666666666668,29.666666666666668
Connecticut,2018.0,5,0.0717503217503217,41.6219,-72.7273,29.666666666666668,29.666666666666668,29.666666666666668,29.666666666666668,29.666666666666668
Connecticut,2018.0,6,0.0756533700137551,41.6219,-72.7273,29.666666666666668,29.666666666666668,29.666666666666668,29.666666666666668,29.666666666666668
Connecticut,2018.0,7,0.0660187667560321,41.6219,-72.7273,29.666666666666668,29.666666666666668,29.666666666666668,29.666666666666668,29.666666666666668
Connecticut,2018.0,8,0.0667970022808732,41.6219,-72.7273,29.666666666666668,29.666666666666668,29.666666666666668,29.666666666666668,29.666666666666668
Connecticut,2018.0,9,0.0719944884602135,41.6219,-72.7273,29.666666666666668,29.666666666666668,29.666666666666668,29.666666666666668,29.666666666666668
Connecticut,2019.0,1,0.0831839368949444,41.6219,-72.7273,29.666666666666668,29.666666666666668,29.666666666666668,29.666666666666668,29.666666666666668
Connecticut,2019.0,2,0.0746210649047804,41.6219,-72.7273,29.666666666666668,29.666666666666668,29.666666666666668,29.666666666666668,29.666666666666668
Connecticut,2019.0,3,0.0823363828289936,41.6219,-72.7273,29.666666666666668,29.666666666666668,29.666666666666668,29.666666666666668,29.666666666666668
Connecticut,2019.0,4,0.0747763864042933,41.6219,-72.7273,29.666666666666668,29.666666666666668,29.666666666666668,29.666666666666668,29.666666666666668
Delaware,2016.0,1,0.1124260355029585,38.9896,-75.505,0.002,0.0104999999999999,0.0176153846153846,0.1216666666666666,0.0139999999999999
Delaware,2016.0,10,0.0722347629796839,38.9896,-75.505,0.1216666666666666,0.0139999999999999,0.0032,0.0056666666666666,0.0006666666666666
Delaware,2016.0,11,0.0788863109048723,38.9896,-75.505,0.006,0.0069999999999999,0.006,0.00125,0.006
Delaware,2016.0,12,0.0665054413542926,38.9896,-75.505,0.0139999999999999,0.0,0.006,0.00125,0.003625
Delaware,2016.0,2,0.0625737898465171,38.9896,-75.505,0.002,0.0096666666666666,0.0390666666666666,0.00833333333333325,0.0069999999999999
Delaware,2016.0,3,0.0831643002028397,38.9896,-75.505,0.01058333333333325,0.0071666666666666,0.0476666666666666,0.0139999999999999,0.0
Delaware,2016.0,4,0.0968858131487889,38.9896,-75.505,0.0104999999999999,0.0176153846153846,0.1216666666666666,0.0139999999999999,0.0032
Delaware,2016.0,5,0.0822510822510822,38.9896,-75.505,0.0096666666666666,0.0390666666666666,0.00833333333333325,0.0069999999999999,0.006
Delaware,2016.0,6,0.0694736842105263,38.9896,-75.505,0.0071666666666666,0.0476666666666666,0.0139999999999999,0.0,0.006
Delaware,2016.0,7,0.06775956284153,38.9896,-75.505,0.0176153846153846,0.1216666666666666,0.0139999999999999,0.0032,0.0056666666666666
Delaware,2016.0,8,0.058252427184466,38.9896,-75.505,0.0390666666666666,0.00649999999999995,0.0069999999999999,0.006,0.00125
Delaware,2016.0,9,0.0648936170212765,38.9896,-75.505,0.0476666666666666,0.0139999999999999,0.0,0.006,0.00125
Delaware,2017.0,1,0.1013986013986013,38.9896,-75.505,0.0139999999999999,0.0032,0.0056666666666666,0.0006666666666666,0.0044333333333333004
Delaware,2017.0,10,0.0700836820083682,38.9896,-75.505,0.0006666666666666,0.0006666666666666,0.0006666666666666,0.0006666666666666,0.0006666666666666
Delaware,2017.0,2,0.077020202020202,38.9896,-75.505,0.0069999999999999,0.006,0.00125,0.006,0.006
Delaware,2017.0,3,0.0726872246696035,38.9896,-75.505,0.0,0.006,0.00125,0.00125,0.00125
Delaware,2017.0,4,0.059322033898305,38.9896,-75.505,0.0032,0.0056666666666666,0.0006666666666666,0.0032,0.0032
Delaware,2017.0,5,0.0856832971800433,38.9896,-75.505,0.006,0.00125,0.003625,0.003625,0.003625
Delaware,2017.0,6,0.0916754478398314,38.9896,-75.505,0.006,0.00125,0.003625,0.003625,0.003625
Delaware,2017.0,7,0.0836047774158523,38.9896,-75.505,0.0056666666666666,0.0006666666666666,0.0031666666666666002,0.0031666666666666002,0.0031666666666666002
Delaware,2017.0,8,0.0734824281150159,38.9896,-75.505,0.00125,0.00125,0.00125,0.00125,0.00125
Delaware,2017.0,9,0.0783664459161147,38.9896,-75.505,0.00125,0.00125,0.00125,0.00125,0.00125
Delaware,2018.0,10,0.0597519729425028,38.9896,-75.505,29.666666666666668,29.666666666666668,29.666666666666668,29.666666666666668,29.666666666666668
Delaware,2018.0,11,0.115995115995116,38.9896,-75.505,29.666666666666668,29.666666666666668,29.666666666666668,29.666666666666668,29.666666666666668
Delaware,2018.0,12,0.0775280898876404,38.9896,-75.505,29.666666666666668,29.666666666666668,29.666666666666668,29.666666666666668,29.666666666666668
Delaware,2018.0,2,0.0672588832487309,38.9896,-75.505,29.666666666666668,29.666666666666668,29.666666666666668,29.666666666666668,29.666666666666668
Delaware,2018.0,3,0.0606060606060606,38.9896,-75.505,29.666666666666668,29.666666666666668,29.666666666666668,29.666666666666668,29.666666666666668
Delaware,2018.0,4,0.0691358024691358,38.9896,-75.505,29.666666666666668,29.666666666666668,29.666666666666668,29.666666666666668,29.666666666666668
Delaware,2018.0,5,0.0867630700778643,38.9896,-75.505,29.666666666666668,29.666666666666668,29.666666666666668,29.666666666666668,29.666666666666668
Delaware,2018.0,6,0.0877390326209223,38.9896,-75.505,29.666666666666668,29.666666666666668,29.666666666666668,29.666666666666668,29.666666666666668
Delaware,2018.0,7,0.0521844660194174,38.9896,-75.505,29.666666666666668,29.666666666666668,29.666666666666668,29.666666666666668,29.666666666666668
Delaware,2018.0,8,0.0710607621009268,38.9896,-75.505,29.666666666666668,29.666666666666668,29.666666666666668,29.666666666666668,29.666666666666668
Delaware,2018.0,9,0.0800464037122969,38.9896,-75.505,29.666666666666668,29.666666666666668,29.666666666666668,29.666666666666668,29.666666666666668
Delaware,2019.0,1,0.1011363636363636,38.9896,-75.505,29.666666666666668,29.666666666666668,29.666666666666668,29.666666666666668,29.666666666666668
Delaware,2019.0,2,0.0747126436781609,38.9896,-75.505,29.666666666666668,29.666666666666668,29.666666666666668,29.666666666666668,29.666666666666668
Delaware,2019.0,3,0.0874125874125874,38.9896,-75.505,29.666666666666668,29.666666666666668,29.666666666666668,29.666666666666668,29.666666666666668
Delaware,2019.0,4,0.0715197956577266,38.9896,-75.505,29.666666666666668,29.666666666666668,29.666666666666668,29.666666666666668,29.666666666666668
Florida,2016.0,1,0.0887140828143778,28.6305,-82.4497,0.0052727272727272,0.005,0.0051363636363636,0.0802,0.001
Florida,2016.0,10,0.0869836321122369,28.6305,-82.4497,0.0802,0.001,1081.081081081081,534.787380952381,734.407
Florida,2016.0,11,0.0854122181136399,28.6305,-82.4497,0.0158,361.73796370967744,850.0,721.0371774193549,2.43875
Florida,2016.0,12,0.0880842454738807,28.6305,-82.4497,0.01975,1304.3478260869565,493.6539423076923,728.251090909091,610.9525166083916
Florida,2016.0,2,0.0870810173488293,28.6305,-82.4497,0.0045,0.005,0.323,0.0158,0.010400000000000001
Florida,2016.0,3,0.0811044003451251,28.6305,-82.4497,0.0042857142857142,0.090625,0.1615,0.01975,1304.3478260869565
Florida,2016.0,4,0.0877984690963098,28.6305,-82.4497,0.005,0.0426,0.0802,0.001,1081.081081081081
Florida,2016.0,5,0.0903768956289027,28.6305,-82.4497,0.005,0.323,0.0158,0.1694,850.0
Florida,2016.0,6,0.0882224645583424,28.6305,-82.4497,246.90772115384615,0.1615,0.01975,1304.3478260869565,493.6539423076923
Florida,2016.0,7,0.0882878151260504,28.6305,-82.4497,267.4337904761905,0.0802,0.001,1081.081081081081,534.787380952381
Florida,2016.0,8,0.0883552108194112,28.6305,-82.4497,0.323,0.0158,360.6800887096774,850.0,721.0371774193549
Florida,2016.0,9,0.0846905537459283,28.6305,-82.4497,0.1615,0.01975,1304.3478260869565,493.6539423076923,728.251090909091
Florida,2017.0,1,0.0862189670956971,28.6305,-82.4497,0.001,1081.081081081081,534.787380952381,734.407,400.8
Florida,2017.0,10,0.0866061409772518,28.6305,-82.4497,734.407,400.8,926.5731343283584,734.407,734.407
Florida,2017.0,11,0.0885386669459134,28.6305,-82.4497,2.43875,334.17380952380944,1161.302,334.17380952380944,334.17380952380944
Florida,2017.0,12,0.0883312933496532,28.6305,-82.4497,919.4773892773893,607.189393939394,1231.7653846153846,919.4773892773893,919.4773892773893
Florida,2017.0,2,0.0855514425054351,28.6305,-82.4497,527.6054934715821,850.0,721.0371774193549,2.43875,334.17380952380944
Florida,2017.0,3,0.0880424090064487,28.6305,-82.4497,1304.3478260869565,493.6539423076923,728.251090909091,667.7202424242425,607.189393939394
Florida,2017.0,4,0.0870417681658843,28.6305,-82.4497,1081.081081081081,534.787380952381,734.407,400.8,926.5731343283584
Florida,2017.0,5,0.0885025681548794,28.6305,-82.4497,850.0,721.0371774193549,2.43875,334.17380952380944,1161.302
Florida,2017.0,6,0.0922871154703522,28.6305,-82.4497,493.6539423076923,728.251090909091,667.7202424242425,607.189393939394,1231.7653846153846
Florida,2017.0,7,0.0893317209106682,28.6305,-82.4497,534.787380952381,734.407,400.8,926.5731343283584,634.5971904761905
Florida,2017.0,8,0.0882252141982864,28.6305,-82.4497,721.0371774193549,2.43875,334.17380952380944,1161.302,527.6054934715821
Florida,2017.0,9,0.0860712633040259,28.6305,-82.4497,728.251090909091,728.251090909091,607.189393939394,1231.7653846153846,728.251090909091
Florida,2018.0,1,0.0857142857142857,28.6305,-82.4497,400.8,926.5731343283584,663.6865671641792,663.6865671641792,663.6865671641792
Florida,2018.0,10,0.086123917118395,28.6305,-82.4497,1059.1352468799998,1059.1352468799998,1059.1352468799998,1059.1352468799998,1059.1352468799998
Florida,2018.0,11,0.085551948051948,28.6305,-82.4497,1059.1352468799998,1059.1352468799998,1059.1352468799998,1059.1352468799998,1059.1352468799998
Florida,2018.0,12,0.0847774203590328,28.6305,-82.4497,1059.1352468799998,1059.1352468799998,1059.1352468799998,1059.1352468799998,1059.1352468799998
Florida,2018.0,2,0.0850409836065573,28.6305,-82.4497,334.17380952380944,1161.302,1059.1352468799998,1059.1352468799998,1059.1352468799998
Florida,2018.0,3,0.0873367159667494,28.6305,-82.4497,607.189393939394,1231.7653846153846,1059.1352468799998,1059.1352468799998,1059.1352468799998
Florida,2018.0,4,0.0855395939688947,28.6305,-82.4497,926.5731343283584,992.8541906041792,992.8541906041792,992.8541906041792,1059.1352468799998
Florida,2018.0,5,0.0884490663088449,28.6305,-82.4497,1161.302,1110.2186234399999,1110.2186234399999,1059.1352468799998,1110.2186234399999
Florida,2018.0,6,0.0887519963495322,28.6305,-82.4497,1231.7653846153846,1145.4503157476922,1145.4503157476922,1059.1352468799998,1145.4503157476922
Florida,2018.0,7,0.0932333296835651,28.6305,-82.4497,1059.1352468799998,1059.1352468799998,1059.1352468799998,1059.1352468799998,1059.1352468799998
Florida,2018.0,8,0.0872133425990271,28.6305,-82.4497,1059.1352468799998,1059.1352468799998,1059.1352468799998,1059.1352468799998,1059.1352468799998
Florida,2018.0,9,0.0836340812804017,28.6305,-82.4497,1059.1352468799998,1059.1352468799998,1059.1352468799998,1059.1352468799998,1059.1352468799998
Florida,2019.0,1,0.0851894859073155,28.6305,-82.4497,1059.1352468799998,1059.1352468799998,1059.1352468799998,1059.1352468799998,1059.1352468799998
Florida,2019.0,2,0.0841054024786427,28.6305,-82.4497,1059.1352468799998,1059.1352468799998,1059.1352468799998,1059.1352468799998,1059.1352468799998
Florida,2019.0,3,0.0878266338841557,28.6305,-82.4497,1059.1352468799998,1059.1352468799998,1059.1352468799998,1059.1352468799998,1059.1352468799998
Florida,2019.0,4,0.0884940486458513,28.6305,-82.4497,1059.1352468799998,1059.1352468799998,1059.1352468799998,1059.1352468799998,1059.1352468799998
Georgia,2016.0,1,0.0962205758229391,32.6415,-83.4426,0.0045555555555555,0.006375,0.026125,0.0866,0.0139999999999999
Georgia,2016.0,10,0.0992026701279436,32.6415,-83.4426,0.0866,0.0139999999999999,1025.641435897436,526.431546875,667.6427878787879
Georgia,2016.0,11,0.0989327146171693,32.6415,-83.4426,0.034,0.0139999999999999,809.5242857142857,687.7585692307692,2.43875
Georgia,2016.0,12,0.0991646456480733,32.6415,-83.4426,0.032,1304.3478260869565,466.72790909090907,690.5829655172413,578.6554373040751
Georgia,2016.0,2,0.0948076923076923,32.6415,-83.4426,0.0045,0.0065555555555555,0.0566,0.034,0.0139999999999999
Georgia,2016.0,3,0.0953529357202485,32.6415,-83.4426,0.0042857142857142,0.0096666666666666,0.0514545454545454,0.032,1304.3478260869565
Georgia,2016.0,4,0.1006858165192326,32.6415,-83.4426,0.006375,0.026125,0.0866,0.0139999999999999,1025.641435897436
Georgia,2016.0,5,0.0987958661230681,32.6415,-83.4426,0.0065555555555555,0.0566,0.034,0.0139999999999999,809.5242857142857
Georgia,2016.0,6,0.0949431450494591,32.6415,-83.4426,0.0096666666666666,0.0514545454545454,0.032,1304.3478260869565,466.72790909090907
Georgia,2016.0,7,0.1003484943257975,32.6415,-83.4426,0.026125,0.0866,0.0139999999999999,1025.641435897436,526.431546875
Georgia,2016.0,8,0.0959902794653706,32.6415,-83.4426,0.0566,0.034,0.0139999999999999,809.5242857142857,687.7585692307692
Georgia,2016.0,9,0.0986177565124933,32.6415,-83.4426,0.0514545454545454,0.032,1304.3478260869565,466.72790909090907,690.5829655172413
Georgia,2017.0,1,0.1025044223070477,32.6415,-83.4426,0.0139999999999999,1025.641435897436,526.431546875,667.6427878787879,400.8
Georgia,2017.0,10,0.098671374152188,32.6415,-83.4426,667.6427878787879,400.8,926.5731343283584,667.6427878787879,667.6427878787879
Georgia,2017.0,11,0.0983453304664859,32.6415,-83.4426,2.43875,334.17380952380944,1161.302,334.17380952380944,334.17380952380944
Georgia,2017.0,12,0.1033398094180775,32.6415,-83.4426,919.4773892773893,607.189393939394,1231.7653846153846,919.4773892773893,919.4773892773893
Georgia,2017.0,2,0.0919749343036183,32.6415,-83.4426,0.0139999999999999,809.5242857142857,687.7585692307692,2.43875,334.17380952380944
Georgia,2017.0,3,0.0945907940376863,32.6415,-83.4426,1304.3478260869565,466.72790909090907,690.5829655172413,648.8861797283176,607.189393939394
Georgia,2017.0,4,0.0996188317708869,32.6415,-83.4426,1025.641435897436,526.431546875,667.6427878787879,400.8,926.5731343283584
Georgia,2017.0,5,0.1039789789789789,32.6415,-83.4426,809.5242857142857,687.7585692307692,2.43875,334.17380952380944,1161.302
Georgia,2017.0,6,0.1069985908877407,32.6415,-83.4426,466.72790909090907,690.5829655172413,648.8861797283176,607.189393939394,1231.7653846153846
Georgia,2017.0,7,0.097986577181208,32.6415,-83.4426,526.431546875,667.6427878787879,400.8,926.5731343283584,597.0371673768939
Georgia,2017.0,8,0.0976253298153034,32.6415,-83.4426,687.7585692307692,2.43875,334.17380952380944,1161.302,510.9661893772893
Georgia,2017.0,9,0.0910379029401346,32.6415,-83.4426,690.5829655172413,690.5829655172413,607.189393939394,1231.7653846153846,690.5829655172413
Georgia,2018.0,1,0.0949583017437452,32.6415,-83.4426,400.8,926.5731343283584,663.6865671641792,663.6865671641792,663.6865671641792
Georgia,2018.0,2,0.1082062454611474,32.6415,-83.4426,334.17380952380944,1161.302,747.7379047619047,747.7379047619047,747.7379047619047
Georgia,2018.0,3,0.0976421372884578,32.6415,-83.4426,607.189393939394,1231.7653846153846,919.4773892773893,919.4773892773893,919.4773892773893
Georgia,2018.0,4,0.1014221945396034,32.6415,-83.4426,926.5731343283584,926.5731343283584,926.5731343283584,926.5731343283584,926.5731343283584
Georgia,2018.0,5,0.1065409882890602,32.6415,-83.4426,1161.302,1161.302,1161.302,1161.302,1161.302
Georgia,2018.0,6,0.1008678881388621,32.6415,-83.4426,1231.7653846153846,1231.7653846153846,1231.7653846153846,1231.7653846153846,1231.7653846153846
Hawaii,2016.0,1,0.0757162346521145,20.2927,-156.373,0.164043625,0.3842053333333333,0.32208725,0.006,0.0013333333333333
Hawaii,2016.0,10,0.0707908163265306,20.2927,-156.373,0.006,0.0013333333333333,0.0,0.0013333333333333,0.0013333333333333
Hawaii,2016.0,11,0.0814380044020542,20.2927,-156.373,0.001,0.001,0.001,0.001,0.001
Hawaii,2016.0,12,0.0713813615333774,20.2927,-156.373,0.001,0.001,0.001,0.001,0.001
Hawaii,2016.0,2,0.0685675492192803,20.2927,-156.373,0.005,0.3581187857142858,0.005,0.005,0.001
Hawaii,2016.0,3,0.0822192513368983,20.2927,-156.373,0.005,0.3581187857142858,0.005,0.005,0.001
Hawaii,2016.0,4,0.0845460845460845,20.2927,-156.373,0.3842053333333333,0.32208725,0.006,0.0013333333333333,0.0
Hawaii,2016.0,5,0.1041666666666666,20.2927,-156.373,0.3581187857142858,0.005,0.005,0.001,0.005
Hawaii,2016.0,6,0.0924775707384403,20.2927,-156.373,0.3581187857142858,0.005,0.005,0.001,0.005
Hawaii,2016.0,7,0.0717639168343393,20.2927,-156.373,0.32208725,0.006,0.0013333333333333,0.0,0.00366666666666665
Hawaii,2016.0,8,0.0874689826302729,20.2927,-156.373,0.005,0.003,0.001,0.003,0.003
Hawaii,2016.0,9,0.0798454603992273,20.2927,-156.373,0.005,0.003,0.001,0.003,0.003
Hawaii,2017.0,1,0.0803689064558629,20.2927,-156.373,0.0013333333333333,0.0,0.00066666666666665,0.00066666666666665,0.00066666666666665
Hawaii,2017.0,2,0.0807635829662261,20.2927,-156.373,0.001,0.001,0.001,0.001,0.001
Hawaii,2017.0,3,0.0679219905850706,20.2927,-156.373,0.001,0.001,0.001,0.001,0.001
Hawaii,2017.0,4,0.0894886363636363,20.2927,-156.373,0.0,0.0,0.0,0.0,0.0
Hawaii,2018.0,10,0.0894479385045422,20.2927,-156.373,1.6225705384615383,1.6225705384615383,1.6225705384615383,1.6225705384615383,1.6225705384615383
Hawaii,2018.0,11,0.0911062906724512,20.2927,-156.373,2.5547212916666666,2.5547212916666666,2.5547212916666666,3.656354,1.4530885833333336
Hawaii,2018.0,12,0.0740479548660084,20.2927,-156.373,2.5547212916666666,2.5547212916666666,2.5547212916666666,3.656354,1.4530885833333336
Hawaii,2018.0,8,0.0758959943780745,20.2927,-156.373,3.656354,3.656354,3.656354,3.656354,3.656354
Hawaii,2018.0,9,0.0725915875169606,20.2927,-156.373,3.656354,3.656354,3.656354,3.656354,3.656354
Hawaii,2019.0,1,0.0751276440554339,20.2927,-156.373,1.6225705384615383,1.6225705384615383,1.6225705384615383,1.6225705384615383,1.6225705384615383
Hawaii,2019.0,10,0.0901348474095102,20.2927,-156.373,1.6225705384615383,1.1657901783216782,0.7090098181818182,1.1657901783216782,1.1657901783216782
Hawaii,2019.0,11,0.080028328611898,20.2927,-156.373,1.4530885833333336,1.0810492007575758,0.7090098181818182,1.0810492007575758,1.0810492007575758
Hawaii,2019.0,12,0.0815731973780043,20.2927,-156.373,1.4530885833333336,0.7090098181818182,1.0810492007575758,1.0810492007575758,1.0810492007575758
Hawaii,2019.0,2,0.053951367781155,20.2927,-156.373,2.5547212916666666,2.5547212916666666,3.656354,1.4530885833333336,2.5547212916666666
Hawaii,2019.0,3,0.0737704918032786,20.2927,-156.373,1.4530885833333336,1.4530885833333336,3.656354,1.4530885833333336,0.7090098181818182
Hawaii,2019.0,4,0.0801850424055512,20.2927,-156.373,1.1657901783216782,1.1657901783216782,1.6225705384615383,1.1657901783216782,0.7090098181818182
Hawaii,2019.0,5,0.0818181818181818,20.2927,-156.373,1.4530885833333336,3.656354,1.4530885833333336,1.4530885833333336,0.7090098181818182
Hawaii,2019.0,6,0.0809379727685325,20.2927,-156.373,1.4530885833333336,3.656354,1.4530885833333336,0.7090098181818182,1.4530885833333336
Hawaii,2019.0,7,0.0680224403927068,20.2927,-156.373,1.1657901783216782,1.6225705384615383,1.1657901783216782,0.7090098181818182,1.1657901783216782
Hawaii,2019.0,8,0.0789115646258503,20.2927,-156.373,3.656354,1.4530885833333336,1.4530885833333336,0.7090098181818182,1.4530885833333336
Hawaii,2019.0,9,0.0751404494382022,20.2927,-156.373,3.656354,1.4530885833333336,0.7090098181818182,1.4530885833333336,1.4530885833333336
Hawaii,2020.0,1,0.0879284649776453,20.2927,-156.373,0.7090098181818182,0.7090098181818182,0.7090098181818182,0.7090098181818182,0.7090098181818182
Hawaii,2020.0,2,0.0889929742388758,20.2927,-156.373,0.7090098181818182,0.7090098181818182,0.7090098181818182,0.7090098181818182,0.7090098181818182
Hawaii,2020.0,3,0.0742685671417854,20.2927,-156.373,0.7090098181818182,0.7090098181818182,0.7090098181818182,0.7090098181818182,0.7090098181818182
Hawaii,2020.0,4,0.0684292379471228,20.2927,-156.373,0.7090098181818182,0.7090098181818182,0.7090098181818182,0.7090098181818182,0.7090098181818182
Hawaii,2020.0,5,0.0622154779969651,20.2927,-156.373,0.7090098181818182,0.7090098181818182,0.7090098181818182,0.7090098181818182,0.7090098181818182
Louisiana,2016.0,10,0.115765850009351,31.0689,-91.9968,847.3923076923077,847.3923076923077,1081.081081081081,543.4129032258064,847.3923076923077
Louisiana,2016.0,11,0.1033778767631774,31.0689,-91.9968,732.8573770491804,732.8573770491804,850.0,732.8573770491804,4.875
Louisiana,2016.0,12,0.1103698055661456,31.0689,-91.9968,785.3686274509804,1304.3478260869565,503.3333333333333,785.3686274509804,785.3686274509804
Louisiana,2016.0,3,0.1080358847108226,31.0689,-91.9968,1304.3478260869565,1304.3478260869565,1304.3478260869565,1304.3478260869565,1304.3478260869565
Louisiana,2016.0,4,0.1056006840530141,31.0689,-91.9968,1081.081081081081,1081.081081081081,1081.081081081081,1081.081081081081,1081.081081081081
Louisiana,2016.0,5,0.1103974307507025,31.0689,-91.9968,850.0,850.0,850.0,850.0,850.0
Louisiana,2016.0,6,0.1026945543621631,31.0689,-91.9968,903.8405797101449,903.8405797101449,903.8405797101449,1304.3478260869565,503.3333333333333
Louisiana,2016.0,7,0.1132176712573779,31.0689,-91.9968,812.2469921534437,812.2469921534437,812.2469921534437,1081.081081081081,543.4129032258064
Louisiana,2016.0,8,0.1025097207493814,31.0689,-91.9968,791.4286885245901,791.4286885245901,791.4286885245901,850.0,732.8573770491804
Louisiana,2016.0,9,0.1037618113745765,31.0689,-91.9968,785.3686274509804,785.3686274509804,1304.3478260869565,503.3333333333333,785.3686274509804
Louisiana,2017.0,1,0.1101202016285382,31.0689,-91.9968,695.402605459057,1081.081081081081,543.4129032258064,847.3923076923077,400.8
Louisiana,2017.0,10,0.1089412215201991,31.0689,-91.9968,847.3923076923077,400.8,926.5731343283584,847.3923076923077,847.3923076923077
Louisiana,2017.0,11,0.1110897189064304,31.0689,-91.9968,4.875,334.17380952380944,1161.302,334.17380952380944,334.17380952380944
Louisiana,2017.0,12,0.1045427494544733,31.0689,-91.9968,919.4773892773893,607.189393939394,1231.7653846153846,919.4773892773893,919.4773892773893
Louisiana,2017.0,2,0.0961928362243748,31.0689,-91.9968,533.5155932864949,850.0,732.8573770491804,4.875,334.17380952380944
Louisiana,2017.0,3,0.1014227642276422,31.0689,-91.9968,1304.3478260869565,503.3333333333333,785.3686274509804,696.2790106951873,607.189393939394
Louisiana,2017.0,4,0.1067280298049528,31.0689,-91.9968,1081.081081081081,543.4129032258064,847.3923076923077,400.8,926.5731343283584
Louisiana,2017.0,5,0.1051546391752577,31.0689,-91.9968,850.0,732.8573770491804,4.875,334.17380952380944,1161.302
Louisiana,2017.0,6,0.1071716357775987,31.0689,-91.9968,503.3333333333333,785.3686274509804,696.2790106951873,607.189393939394,1231.7653846153846
Louisiana,2017.0,7,0.1104929982735469,31.0689,-91.9968,543.4129032258064,847.3923076923077,400.8,926.5731343283584,695.402605459057
Louisiana,2017.0,8,0.1040570361568494,31.0689,-91.9968,732.8573770491804,4.875,334.17380952380944,1161.302,533.5155932864949
Louisiana,2017.0,9,0.1058239941208892,31.0689,-91.9968,785.3686274509804,785.3686274509804,607.189393939394,1231.7653846153846,785.3686274509804
Louisiana,2018.0,1,0.1106177606177606,31.0689,-91.9968,400.8,926.5731343283584,663.6865671641792,663.6865671641792,663.6865671641792
Louisiana,2018.0,2,0.0990911106184881,31.0689,-91.9968,334.17380952380944,1161.302,747.7379047619047,747.7379047619047,747.7379047619047
Louisiana,2018.0,3,0.1123689727463312,31.0689,-91.9968,607.189393939394,1231.7653846153846,919.4773892773893,919.4773892773893,919.4773892773893
Louisiana,2018.0,4,0.1058981233243967,31.0689,-91.9968,926.5731343283584,926.5731343283584,926.5731343283584,926.5731343283584,926.5731343283584
Louisiana,2018.0,5,0.0984403483897103,31.0689,-91.9968,1161.302,1161.302,1161.302,1161.302,1161.302
Louisiana,2018.0,6,0.1111111111111111,31.0689,-91.9968,1231.7653846153846,1231.7653846153846,1231.7653846153846,1231.7653846153846,1231.7653846153846
Maine,2016.0,1,0.0515021459227467,45.3695,-69.2428,0.002,0.0018571428571428,0.0191111111111111,0.0209999999999999,0.0139999999999999
Maine,2016.0,10,0.0659340659340659,45.3695,-69.2428,0.0209999999999999,0.0139999999999999,0.0073983333333333,0.0056666666666666,0.0106991666666666
Maine,2016.0,11,0.07502679528403,45.3695,-69.2428,0.0069999999999999,0.0069999999999999,0.0097316666666666,0.003,0.0069999999999999
Maine,2016.0,12,0.0648936170212765,45.3695,-69.2428,0.0139999999999999,0.0094633333333333,0.006,0.003,0.00773166666666665
Maine,2016.0,2,0.0641925777331996,45.3695,-69.2428,0.002,0.0018571428571428,0.0194545454545454,0.00449999999999995,0.0069999999999999
Maine,2016.0,3,0.0541310541310541,45.3695,-69.2428,0.0018571428571428,0.00725,0.0264285714285714,0.0139999999999999,0.0094633333333333
Maine,2016.0,4,0.065340909090909,45.3695,-69.2428,0.0018571428571428,0.0191111111111111,0.0209999999999999,0.0139999999999999,0.0073983333333333
Maine,2016.0,5,0.055103884372177,45.3695,-69.2428,0.0018571428571428,0.0194545454545454,0.00836583333333325,0.0069999999999999,0.0097316666666666
Maine,2016.0,6,0.0600375234521576,45.3695,-69.2428,0.00725,0.0264285714285714,0.0139999999999999,0.0094633333333333,0.006
Maine,2016.0,7,0.0575296108291032,45.3695,-69.2428,0.0191111111111111,0.0209999999999999,0.0139999999999999,0.0073983333333333,0.0056666666666666
Maine,2016.0,8,0.0632582322357019,45.3695,-69.2428,0.0194545454545454,0.00836583333333325,0.0069999999999999,0.0097316666666666,0.003
Maine,2016.0,9,0.0621669626998223,45.3695,-69.2428,0.0264285714285714,0.0139999999999999,0.0094633333333333,0.006,0.003
Maine,2017.0,1,0.0733634311512415,45.3695,-69.2428,0.0139999999999999,0.0073983333333333,0.0056666666666666,0.0073983333333333,0.0073983333333333
Maine,2017.0,2,0.0615735461801596,45.3695,-69.2428,0.0069999999999999,0.0097316666666666,0.003,0.0069999999999999,0.0069999999999999
Maine,2017.0,3,0.0547686496694995,45.3695,-69.2428,0.0094633333333333,0.006,0.003,0.006,0.006
Maine,2017.0,4,0.0551583248212461,45.3695,-69.2428,0.0073983333333333,0.0056666666666666,0.00653249999999995,0.00653249999999995,0.00653249999999995
Maine,2017.0,5,0.050799623706491,45.3695,-69.2428,0.0097316666666666,0.003,0.0063658333333333,0.0063658333333333,0.0063658333333333
Maine,2017.0,6,0.0558229066410009,45.3695,-69.2428,0.006,0.003,0.0045000000000000005,0.0045000000000000005,0.0045000000000000005
Maine,2017.0,7,0.0471785383903792,45.3695,-69.2428,0.0056666666666666,0.0056666666666666,0.0056666666666666,0.0056666666666666,0.0056666666666666
Maine,2017.0,8,0.0730434782608695,45.3695,-69.2428,0.003,0.003,0.003,0.003,0.003
Maine,2017.0,9,0.0597722960151802,45.3695,-69.2428,0.003,0.003,0.003,0.003,0.003
Maine,2018.0,10,0.0640904806786051,45.3695,-69.2428,25.5,25.5,25.5,25.5,25.5
Maine,2018.0,11,0.0728205128205128,45.3695,-69.2428,25.5,25.5,25.5,25.5,25.5
Maine,2018.0,12,0.0637860082304526,45.3695,-69.2428,25.5,25.5,25.5,25.5,25.5
Maine,2018.0,2,0.0612980769230769,45.3695,-69.2428,25.5,25.5,25.5,25.5,25.5
Maine,2018.0,3,0.0587084148727984,45.3695,-69.2428,25.5,25.5,25.5,25.5,25.5
Maine,2018.0,4,0.0597322348094747,45.3695,-69.2428,25.5,25.5,25.5,25.5,25.5
Maine,2018.0,5,0.06323396567299,45.3695,-69.2428,25.5,25.5,25.5,25.5,25.5
Maine,2018.0,6,0.0669291338582677,45.3695,-69.2428,25.5,25.5,25.5,25.5,25.5
Maine,2018.0,7,0.0520833333333333,45.3695,-69.2428,25.5,25.5,25.5,25.5,25.5
Maine,2018.0,8,0.0867697594501718,45.3695,-69.2428,25.5,25.5,25.5,25.5,25.5
Maine,2018.0,9,0.0541062801932367,45.3695,-69.2428,25.5,25.5,25.5,25.5,25.5
Maine,2019.0,1,0.0564603691639522,45.3695,-69.2428,25.5,25.5,25.5,25.5,25.5
Maine,2019.0,2,0.0709987966305655,45.3695,-69.2428,25.5,25.5,25.5,25.5,25.5
Maine,2019.0,3,0.0700636942675159,45.3695,-69.2428,25.5,25.5,25.5,25.5,25.5
Maine,2019.0,4,0.0752351097178683,45.3695,-69.2428,25.5,25.5,25.5,25.5,25.5
Maryland,2016.0,1,0.088165479823669,39.055,-76.7909,0.002,0.0104999999999999,0.0176153846153846,0.1216666666666666,0.0139999999999999
Maryland,2016.0,10,0.0886282176604757,39.055,-76.7909,0.1216666666666666,0.0139999999999999,0.0032,0.0056666666666666,0.0006666666666666
Maryland,2016.0,11,0.0874914559125085,39.055,-76.7909,0.006,0.0069999999999999,0.006,0.00125,0.006
Maryland,2016.0,12,0.0857287791680757,39.055,-76.7909,0.0139999999999999,0.0,0.006,0.00125,0.003625
Maryland,2016.0,2,0.0811053292661044,39.055,-76.7909,0.002,0.0096666666666666,0.0390666666666666,0.00833333333333325,0.0069999999999999
Maryland,2016.0,3,0.0917415917415917,39.055,-76.7909,0.01058333333333325,0.0071666666666666,0.0476666666666666,0.0139999999999999,0.0
Maryland,2016.0,4,0.0903203817314246,39.055,-76.7909,0.0104999999999999,0.0176153846153846,0.1216666666666666,0.0139999999999999,0.0032
Maryland,2016.0,5,0.0826910725754656,39.055,-76.7909,0.0096666666666666,0.0390666666666666,0.00833333333333325,0.0069999999999999,0.006
Maryland,2016.0,6,0.0884528787391444,39.055,-76.7909,0.0071666666666666,0.0476666666666666,0.0139999999999999,0.0,0.006
Maryland,2016.0,7,0.0840387871325227,39.055,-76.7909,0.0176153846153846,0.1216666666666666,0.0139999999999999,0.0032,0.0056666666666666
Maryland,2016.0,8,0.0798717165546731,39.055,-76.7909,0.0390666666666666,0.00649999999999995,0.0069999999999999,0.006,0.00125
Maryland,2016.0,9,0.0780379041248606,39.055,-76.7909,0.0476666666666666,0.0139999999999999,0.0,0.006,0.00125
Maryland,2017.0,1,0.0898361810815571,39.055,-76.7909,0.0139999999999999,0.0032,0.0056666666666666,0.0006666666666666,0.0044333333333333004
Maryland,2017.0,10,0.0928594300352225,39.055,-76.7909,0.0006666666666666,0.0006666666666666,0.0006666666666666,0.0006666666666666,0.0006666666666666
Maryland,2017.0,2,0.0854569840965702,39.055,-76.7909,0.0069999999999999,0.006,0.00125,0.006,0.006
Maryland,2017.0,3,0.0890151515151515,39.055,-76.7909,0.0,0.006,0.00125,0.00125,0.00125
Maryland,2017.0,4,0.0874599216245101,39.055,-76.7909,0.0032,0.0056666666666666,0.0006666666666666,0.0032,0.0032
Maryland,2017.0,5,0.0908787727196931,39.055,-76.7909,0.006,0.00125,0.003625,0.003625,0.003625
Maryland,2017.0,6,0.0872924543810619,39.055,-76.7909,0.006,0.00125,0.003625,0.003625,0.003625
Maryland,2017.0,7,0.0918125887363937,39.055,-76.7909,0.0056666666666666,0.0006666666666666,0.0031666666666666002,0.0031666666666666002,0.0031666666666666002
Maryland,2017.0,8,0.0826197987081267,39.055,-76.7909,0.00125,0.00125,0.00125,0.00125,0.00125
Maryland,2017.0,9,0.0819481382978723,39.055,-76.7909,0.00125,0.00125,0.00125,0.00125,0.00125
Maryland,2018.0,10,0.082817705854355,39.055,-76.7909,29.666666666666668,29.666666666666668,29.666666666666668,29.666666666666668,29.666666666666668
Maryland,2018.0,11,0.0889667250437828,39.055,-76.7909,29.666666666666668,29.666666666666668,29.666666666666668,29.666666666666668,29.666666666666668
Maryland,2018.0,12,0.0972722593926917,39.055,-76.7909,29.666666666666668,29.666666666666668,29.666666666666668,29.666666666666668,29.666666666666668
Maryland,2018.0,2,0.0898354307841239,39.055,-76.7909,29.666666666666668,29.666666666666668,29.666666666666668,29.666666666666668,29.666666666666668
Maryland,2018.0,3,0.0815063649222065,39.055,-76.7909,29.666666666666668,29.666666666666668,29.666666666666668,29.666666666666668,29.666666666666668
Maryland,2018.0,4,0.0854430379746835,39.055,-76.7909,29.666666666666668,29.666666666666668,29.666666666666668,29.666666666666668,29.666666666666668
Maryland,2018.0,5,0.0848425518029042,39.055,-76.7909,29.666666666666668,29.666666666666668,29.666666666666668,29.666666666666668,29.666666666666668
Maryland,2018.0,6,0.0889528973229413,39.055,-76.7909,29.666666666666668,29.666666666666668,29.666666666666668,29.666666666666668,29.666666666666668
Maryland,2018.0,7,0.0885614964409866,39.055,-76.7909,29.666666666666668,29.666666666666668,29.666666666666668,29.666666666666668,29.666666666666668
Maryland,2018.0,8,0.0842121351062203,39.055,-76.7909,29.666666666666668,29.666666666666668,29.666666666666668,29.666666666666668,29.666666666666668
Maryland,2018.0,9,0.0863202893784939,39.055,-76.7909,29.666666666666668,29.666666666666668,29.666666666666668,29.666666666666668,29.666666666666668
Maryland,2019.0,1,0.0828402366863905,39.055,-76.7909,29.666666666666668,29.666666666666668,29.666666666666668,29.666666666666668,29.666666666666668
Maryland,2019.0,2,0.0889103182256509,39.055,-76.7909,29.666666666666668,29.666666666666668,29.666666666666668,29.666666666666668,29.666666666666668
Maryland,2019.0,3,0.0823160097663062,39.055,-76.7909,29.666666666666668,29.666666666666668,29.666666666666668,29.666666666666668,29.666666666666668
Maryland,2019.0,4,0.0840559193063174,39.055,-76.7909,29.666666666666668,29.666666666666668,29.666666666666668,29.666666666666668,29.666666666666668
Massachusetts,2016.0,1,0.0740195175842386,42.2596,-71.8083,0.002,0.0037777777777777,0.0174285714285714,0.0209999999999999,0.0139999999999999
Massachusetts,2016.0,10,0.0776537243792701,42.2596,-71.8083,0.0209999999999999,0.0139999999999999,0.0032,0.0056666666666666,0.0006666666666666
Massachusetts,2016.0,11,0.0716777118939658,42.2596,-71.8083,0.006,0.0069999999999999,0.006,0.00125,0.006
Massachusetts,2016.0,12,0.086397391776852,42.2596,-71.8083,0.0139999999999999,0.0,0.006,0.00125,0.003625
Massachusetts,2016.0,2,0.0767108167770419,42.2596,-71.8083,0.002,0.0042,0.0185333333333333,0.0055999999999999505,0.0069999999999999
Massachusetts,2016.0,3,0.0794713066755897,42.2596,-71.8083,0.0018571428571428,0.0082857142857142,0.0226363636363636,0.0139999999999999,0.0
Massachusetts,2016.0,4,0.0721846260628145,42.2596,-71.8083,0.0037777777777777,0.0174285714285714,0.0209999999999999,0.0139999999999999,0.0032
Massachusetts,2016.0,5,0.0706168831168831,42.2596,-71.8083,0.0042,0.0185333333333333,0.00649999999999995,0.0069999999999999,0.006
Massachusetts,2016.0,6,0.0732737611697806,42.2596,-71.8083,0.0082857142857142,0.0226363636363636,0.0139999999999999,0.0,0.006
Massachusetts,2016.0,7,0.0694508894044857,42.2596,-71.8083,0.0174285714285714,0.0209999999999999,0.0139999999999999,0.0032,0.0056666666666666
Massachusetts,2016.0,8,0.072653570314936,42.2596,-71.8083,0.0185333333333333,0.00649999999999995,0.0069999999999999,0.006,0.00125
Massachusetts,2016.0,9,0.0646158854166666,42.2596,-71.8083,0.0226363636363636,0.0139999999999999,0.0,0.006,0.00125
Massachusetts,2017.0,1,0.0828848223896663,42.2596,-71.8083,0.0139999999999999,0.0032,0.0056666666666666,0.0006666666666666,0.0044333333333333004
Massachusetts,2017.0,10,0.0684909061117483,42.2596,-71.8083,0.0006666666666666,0.0006666666666666,0.0006666666666666,0.0006666666666666,0.0006666666666666
Massachusetts,2017.0,2,0.0792175092000774,42.2596,-71.8083,0.0069999999999999,0.006,0.00125,0.006,0.006
Massachusetts,2017.0,3,0.0711610486891385,42.2596,-71.8083,0.0,0.006,0.00125,0.00125,0.00125
Massachusetts,2017.0,4,0.0694247159090909,42.2596,-71.8083,0.0032,0.0056666666666666,0.0006666666666666,0.0032,0.0032
Massachusetts,2017.0,5,0.0720585787984689,42.2596,-71.8083,0.006,0.00125,0.003625,0.003625,0.003625
Massachusetts,2017.0,6,0.076784544859201,42.2596,-71.8083,0.006,0.00125,0.003625,0.003625,0.003625
Massachusetts,2017.0,7,0.070768249920306,42.2596,-71.8083,0.0056666666666666,0.0006666666666666,0.0031666666666666002,0.0031666666666666002,0.0031666666666666002
Massachusetts,2017.0,8,0.0699781318338019,42.2596,-71.8083,0.00125,0.00125,0.00125,0.00125,0.00125
Massachusetts,2017.0,9,0.0766423357664233,42.2596,-71.8083,0.00125,0.00125,0.00125,0.00125,0.00125
Massachusetts,2018.0,10,0.0773789366745682,42.2596,-71.8083,25.5,25.5,25.5,25.5,25.5
Massachusetts,2018.0,11,0.0780715956107213,42.2596,-71.8083,25.5,25.5,25.5,25.5,25.5
Massachusetts,2018.0,12,0.0681424446583253,42.2596,-71.8083,25.5,25.5,25.5,25.5,25.5
Massachusetts,2018.0,2,0.0742418274911382,42.2596,-71.8083,25.5,25.5,25.5,25.5,25.5
Massachusetts,2018.0,3,0.0716248711782892,42.2596,-71.8083,25.5,25.5,25.5,25.5,25.5
Massachusetts,2018.0,4,0.0773480662983425,42.2596,-71.8083,25.5,25.5,25.5,25.5,25.5
Massachusetts,2018.0,5,0.0781480873419799,42.2596,-71.8083,25.5,25.5,25.5,25.5,25.5
Massachusetts,2018.0,6,0.0783820073850285,42.2596,-71.8083,25.5,25.5,25.5,25.5,25.5
Massachusetts,2018.0,7,0.0702958966813797,42.2596,-71.8083,25.5,25.5,25.5,25.5,25.5
Massachusetts,2018.0,8,0.0757772020725388,42.2596,-71.8083,25.5,25.5,25.5,25.5,25.5
Massachusetts,2018.0,9,0.0742557510148849,42.2596,-71.8083,25.5,25.5,25.5,25.5,25.5
Massachusetts,2019.0,1,0.0782183595871808,42.2596,-71.8083,25.5,25.5,25.5,25.5,25.5
Massachusetts,2019.0,2,0.0717989629038691,42.2596,-71.8083,25.5,25.5,25.5,25.5,25.5
Massachusetts,2019.0,3,0.0761043108036189,42.2596,-71.8083,25.5,25.5,25.5,25.5,25.5
Massachusetts,2019.0,4,0.080281690140845,42.2596,-71.8083,25.5,25.5,25.5,25.5,25.5
Mississippi,2016.0,10,0.1152439024390244,32.7364,-89.6678,847.3923076923077,847.3923076923077,1081.081081081081,543.4129032258064,847.3923076923077
Mississippi,2016.0,11,0.1124432922877511,32.7364,-89.6678,732.8573770491804,732.8573770491804,850.0,732.8573770491804,4.875
Mississippi,2016.0,12,0.111351685740798,32.7364,-89.6678,785.3686274509804,1304.3478260869565,503.3333333333333,785.3686274509804,785.3686274509804
Mississippi,2016.0,3,0.1094776352830778,32.7364,-89.6678,1304.3478260869565,1304.3478260869565,1304.3478260869565,1304.3478260869565,1304.3478260869565
Mississippi,2016.0,4,0.1226108907320591,32.7364,-89.6678,1081.081081081081,1081.081081081081,1081.081081081081,1081.081081081081,1081.081081081081
Mississippi,2016.0,5,0.1163648558014755,32.7364,-89.6678,850.0,850.0,850.0,850.0,850.0
Mississippi,2016.0,6,0.1158129175946547,32.7364,-89.6678,903.8405797101449,903.8405797101449,903.8405797101449,1304.3478260869565,503.3333333333333
Mississippi,2016.0,7,0.109819516671765,32.7364,-89.6678,812.2469921534437,812.2469921534437,812.2469921534437,1081.081081081081,543.4129032258064
Mississippi,2016.0,8,0.1147587781901227,32.7364,-89.6678,791.4286885245901,791.4286885245901,791.4286885245901,850.0,732.8573770491804
Mississippi,2016.0,9,0.1114813692820357,32.7364,-89.6678,785.3686274509804,785.3686274509804,1304.3478260869565,503.3333333333333,785.3686274509804
Mississippi,2017.0,1,0.1086818757921419,32.7364,-89.6678,695.402605459057,1081.081081081081,543.4129032258064,847.3923076923077,400.8
Mississippi,2017.0,10,0.1126269035532994,32.7364,-89.6678,847.3923076923077,400.8,926.5731343283584,847.3923076923077,847.3923076923077
Mississippi,2017.0,11,0.1161130083824899,32.7364,-89.6678,4.875,334.17380952380944,1161.302,334.17380952380944,334.17380952380944
Mississippi,2017.0,12,0.1143667296786389,32.7364,-89.6678,919.4773892773893,607.189393939394,1231.7653846153846,919.4773892773893,919.4773892773893
Mississippi,2017.0,2,0.1096085409252669,32.7364,-89.6678,533.5155932864949,850.0,732.8573770491804,4.875,334.17380952380944
Mississippi,2017.0,3,0.1201191264063534,32.7364,-89.6678,1304.3478260869565,503.3333333333333,785.3686274509804,696.2790106951873,607.189393939394
Mississippi,2017.0,4,0.1176245210727969,32.7364,-89.6678,1081.081081081081,543.4129032258064,847.3923076923077,400.8,926.5731343283584
Mississippi,2017.0,5,0.1149616794401866,32.7364,-89.6678,850.0,732.8573770491804,4.875,334.17380952380944,1161.302
Mississippi,2017.0,6,0.1144081767227167,32.7364,-89.6678,503.3333333333333,785.3686274509804,696.2790106951873,607.189393939394,1231.7653846153846
Mississippi,2017.0,7,0.115919629057187,32.7364,-89.6678,543.4129032258064,847.3923076923077,400.8,926.5731343283584,695.402605459057
Mississippi,2017.0,8,0.1168131556563651,32.7364,-89.6678,732.8573770491804,4.875,334.17380952380944,1161.302,533.5155932864949
Mississippi,2017.0,9,0.1154776299879081,32.7364,-89.6678,785.3686274509804,785.3686274509804,607.189393939394,1231.7653846153846,785.3686274509804
Mississippi,2018.0,1,0.1193072482360487,32.7364,-89.6678,400.8,926.5731343283584,663.6865671641792,663.6865671641792,663.6865671641792
Mississippi,2018.0,2,0.1062039957939011,32.7364,-89.6678,334.17380952380944,1161.302,747.7379047619047,747.7379047619047,747.7379047619047
Mississippi,2018.0,3,0.1220079787234042,32.7364,-89.6678,607.189393939394,1231.7653846153846,919.4773892773893,919.4773892773893,919.4773892773893
Mississippi,2018.0,4,0.1203636363636363,32.7364,-89.6678,926.5731343283584,926.5731343283584,926.5731343283584,926.5731343283584,926.5731343283584
Mississippi,2018.0,5,0.131,32.7364,-89.6678,1161.302,1161.302,1161.302,1161.302,1161.302
Mississippi,2018.0,6,0.121172209417188,32.7364,-89.6678,1231.7653846153846,1231.7653846153846,1231.7653846153846,1231.7653846153846,1231.7653846153846
New Hampshire,2016.0,1,0.0552083333333333,43.6805,-71.5811,0.002,0.0037777777777777,0.0174285714285714,0.0209999999999999,0.0139999999999999
New Hampshire,2016.0,10,0.045045045045045,43.6805,-71.5811,0.0209999999999999,0.0139999999999999,0.0032,0.0056666666666666,0.0006666666666666
New Hampshire,2016.0,11,0.0588865096359743,43.6805,-71.5811,0.006,0.0069999999999999,0.006,0.00125,0.006
New Hampshire,2016.0,12,0.0663716814159292,43.6805,-71.5811,0.0139999999999999,0.0,0.006,0.00125,0.003625
New Hampshire,2016.0,2,0.0620985010706638,43.6805,-71.5811,0.002,0.0042,0.0185333333333333,0.0055999999999999505,0.0069999999999999
New Hampshire,2016.0,3,0.0603960396039603,43.6805,-71.5811,0.0018571428571428,0.0082857142857142,0.0226363636363636,0.0139999999999999,0.0
New Hampshire,2016.0,4,0.0328502415458937,43.6805,-71.5811,0.0037777777777777,0.0174285714285714,0.0209999999999999,0.0139999999999999,0.0032
New Hampshire,2016.0,5,0.0466058763931104,43.6805,-71.5811,0.0042,0.0185333333333333,0.00649999999999995,0.0069999999999999,0.006
New Hampshire,2016.0,6,0.0558229066410009,43.6805,-71.5811,0.0082857142857142,0.0226363636363636,0.0139999999999999,0.0,0.006
New Hampshire,2016.0,7,0.0472222222222222,43.6805,-71.5811,0.0174285714285714,0.0209999999999999,0.0139999999999999,0.0032,0.0056666666666666
New Hampshire,2016.0,8,0.0664240218380345,43.6805,-71.5811,0.0185333333333333,0.00649999999999995,0.0069999999999999,0.006,0.00125
New Hampshire,2016.0,9,0.0625550660792951,43.6805,-71.5811,0.0226363636363636,0.0139999999999999,0.0,0.006,0.00125
New Hampshire,2017.0,1,0.0585048754062838,43.6805,-71.5811,0.0139999999999999,0.0032,0.0056666666666666,0.0006666666666666,0.0044333333333333004
New Hampshire,2017.0,10,0.0534124629080118,43.6805,-71.5811,0.0006666666666666,0.0006666666666666,0.0006666666666666,0.0006666666666666,0.0006666666666666
New Hampshire,2017.0,2,0.0762229806598407,43.6805,-71.5811,0.0069999999999999,0.006,0.00125,0.006,0.006
New Hampshire,2017.0,3,0.0297872340425531,43.6805,-71.5811,0.0,0.006,0.00125,0.00125,0.00125
New Hampshire,2017.0,4,0.0408580183861082,43.6805,-71.5811,0.0032,0.0056666666666666,0.0006666666666666,0.0032,0.0032
New Hampshire,2017.0,5,0.0521901211556384,43.6805,-71.5811,0.006,0.00125,0.003625,0.003625,0.003625
New Hampshire,2017.0,6,0.0557586837294332,43.6805,-71.5811,0.006,0.00125,0.003625,0.003625,0.003625
New Hampshire,2017.0,7,0.0611677479147358,43.6805,-71.5811,0.0056666666666666,0.0006666666666666,0.0031666666666666002,0.0031666666666666002,0.0031666666666666002
New Hampshire,2017.0,8,0.070631970260223,43.6805,-71.5811,0.00125,0.00125,0.00125,0.00125,0.00125
New Hampshire,2017.0,9,0.071907957813998,43.6805,-71.5811,0.00125,0.00125,0.00125,0.00125,0.00125
New Hampshire,2018.0,10,0.0622529644268774,43.6805,-71.5811,25.5,25.5,25.5,25.5,25.5
New Hampshire,2018.0,11,0.0543933054393305,43.6805,-71.5811,25.5,25.5,25.5,25.5,25.5
New Hampshire,2018.0,12,0.0384615384615384,43.6805,-71.5811,25.5,25.5,25.5,25.5,25.5
New Hampshire,2018.0,2,0.0342789598108747,43.6805,-71.5811,25.5,25.5,25.5,25.5,25.5
New Hampshire,2018.0,3,0.0668662674650698,43.6805,-71.5811,25.5,25.5,25.5,25.5,25.5
New Hampshire,2018.0,4,0.0523613963039014,43.6805,-71.5811,25.5,25.5,25.5,25.5,25.5
New Hampshire,2018.0,5,0.056640625,43.6805,-71.5811,25.5,25.5,25.5,25.5,25.5
New Hampshire,2018.0,6,0.0703205791106515,43.6805,-71.5811,25.5,25.5,25.5,25.5,25.5
New Hampshire,2018.0,7,0.059040590405904,43.6805,-71.5811,25.5,25.5,25.5,25.5,25.5
New Hampshire,2018.0,8,0.0770642201834862,43.6805,-71.5811,25.5,25.5,25.5,25.5,25.5
New Hampshire,2018.0,9,0.0461982675649663,43.6805,-71.5811,25.5,25.5,25.5,25.5,25.5
New Hampshire,2019.0,1,0.0513966480446927,43.6805,-71.5811,25.5,25.5,25.5,25.5,25.5
New Hampshire,2019.0,2,0.0671378091872791,43.6805,-71.5811,25.5,25.5,25.5,25.5,25.5
New Hampshire,2019.0,3,0.061909758656873,43.6805,-71.5811,25.5,25.5,25.5,25.5,25.5
New Hampshire,2019.0,4,0.040082219938335,43.6805,-71.5811,25.5,25.5,25.5,25.5,25.5
New Jersey,2016.0,1,0.0840274375306222,40.1907,-74.6728,0.002,0.0104999999999999,0.0176153846153846,0.1216666666666666,0.0139999999999999
New Jersey,2016.0,10,0.0782404692082111,40.1907,-74.6728,0.1216666666666666,0.0139999999999999,0.0032,0.0056666666666666,0.0006666666666666
New Jersey,2016.0,11,0.0831536065180925,40.1907,-74.6728,0.006,0.0069999999999999,0.006,0.00125,0.006
New Jersey,2016.0,12,0.0894718351094976,40.1907,-74.6728,0.0139999999999999,0.0,0.006,0.00125,0.003625
New Jersey,2016.0,2,0.0781388291819446,40.1907,-74.6728,0.002,0.0096666666666666,0.0390666666666666,0.00833333333333325,0.0069999999999999
New Jersey,2016.0,3,0.0804421968716923,40.1907,-74.6728,0.01058333333333325,0.0071666666666666,0.0476666666666666,0.0139999999999999,0.0
New Jersey,2016.0,4,0.0815847938780548,40.1907,-74.6728,0.0104999999999999,0.0176153846153846,0.1216666666666666,0.0139999999999999,0.0032
New Jersey,2016.0,5,0.0798343494765903,40.1907,-74.6728,0.0096666666666666,0.0390666666666666,0.00833333333333325,0.0069999999999999,0.006
New Jersey,2016.0,6,0.0784336111428245,40.1907,-74.6728,0.0071666666666666,0.0476666666666666,0.0139999999999999,0.0,0.006
New Jersey,2016.0,7,0.0789099266717741,40.1907,-74.6728,0.0176153846153846,0.1216666666666666,0.0139999999999999,0.0032,0.0056666666666666
New Jersey,2016.0,8,0.0745472725252749,40.1907,-74.6728,0.0390666666666666,0.00649999999999995,0.0069999999999999,0.006,0.00125
New Jersey,2016.0,9,0.0760280162675101,40.1907,-74.6728,0.0476666666666666,0.0139999999999999,0.0,0.006,0.00125
New Jersey,2017.0,1,0.0771057235691077,40.1907,-74.6728,0.0139999999999999,0.0032,0.0056666666666666,0.0006666666666666,0.0044333333333333004
New Jersey,2017.0,10,0.0767894371091035,40.1907,-74.6728,0.0006666666666666,0.0006666666666666,0.0006666666666666,0.0006666666666666,0.0006666666666666
New Jersey,2017.0,2,0.0830329729008143,40.1907,-74.6728,0.0069999999999999,0.006,0.00125,0.006,0.006
New Jersey,2017.0,3,0.0763610652839971,40.1907,-74.6728,0.0,0.006,0.00125,0.00125,0.00125
New Jersey,2017.0,4,0.0741312741312741,40.1907,-74.6728,0.0032,0.0056666666666666,0.0006666666666666,0.0032,0.0032
New Jersey,2017.0,5,0.0905890636000938,40.1907,-74.6728,0.006,0.00125,0.003625,0.003625,0.003625
New Jersey,2017.0,6,0.0840851260698588,40.1907,-74.6728,0.006,0.00125,0.003625,0.003625,0.003625
New Jersey,2017.0,7,0.0752048490290717,40.1907,-74.6728,0.0056666666666666,0.0006666666666666,0.0031666666666666002,0.0031666666666666002,0.0031666666666666002
New Jersey,2017.0,8,0.0778894472361809,40.1907,-74.6728,0.00125,0.00125,0.00125,0.00125,0.00125
New Jersey,2017.0,9,0.0800503893724232,40.1907,-74.6728,0.00125,0.00125,0.00125,0.00125,0.00125
New Jersey,2018.0,10,0.085135916714864,40.1907,-74.6728,29.666666666666668,29.666666666666668,29.666666666666668,29.666666666666668,29.666666666666668
New Jersey,2018.0,11,0.0781269407527015,40.1907,-74.6728,29.666666666666668,29.666666666666668,29.666666666666668,29.666666666666668,29.666666666666668
New Jersey,2018.0,12,0.0869086908690869,40.1907,-74.6728,29.666666666666668,29.666666666666668,29.666666666666668,29.666666666666668,29.666666666666668
New Jersey,2018.0,2,0.0757778969957081,40.1907,-74.6728,29.666666666666668,29.666666666666668,29.666666666666668,29.666666666666668,29.666666666666668
New Jersey,2018.0,3,0.0747531734837799,40.1907,-74.6728,29.666666666666668,29.666666666666668,29.666666666666668,29.666666666666668,29.666666666666668
New Jersey,2018.0,4,0.0803976924021112,40.1907,-74.6728,29.666666666666668,29.666666666666668,29.666666666666668,29.666666666666668,29.666666666666668
New Jersey,2018.0,5,0.0820981936081519,40.1907,-74.6728,29.666666666666668,29.666666666666668,29.666666666666668,29.666666666666668,29.666666666666668
New Jersey,2018.0,6,0.0808456266697642,40.1907,-74.6728,29.666666666666668,29.666666666666668,29.666666666666668,29.666666666666668,29.666666666666668
New Jersey,2018.0,7,0.0737546805854987,40.1907,-74.6728,29.666666666666668,29.666666666666668,29.666666666666668,29.666666666666668,29.666666666666668
New Jersey,2018.0,8,0.0743980131735233,40.1907,-74.6728,29.666666666666668,29.666666666666668,29.666666666666668,29.666666666666668,29.666666666666668
New Jersey,2018.0,9,0.0728138427592614,40.1907,-74.6728,29.666666666666668,29.666666666666668,29.666666666666668,29.666666666666668,29.666666666666668
New Jersey,2019.0,1,0.0781620676738669,40.1907,-74.6728,29.666666666666668,29.666666666666668,29.666666666666668,29.666666666666668,29.666666666666668
New Jersey,2019.0,2,0.082018498367791,40.1907,-74.6728,29.666666666666668,29.666666666666668,29.666666666666668,29.666666666666668,29.666666666666668
New Jersey,2019.0,3,0.084367556725586,40.1907,-74.6728,29.666666666666668,29.666666666666668,29.666666666666668,29.666666666666668,29.666666666666668
New Jersey,2019.0,4,0.075043413545026,40.1907,-74.6728,29.666666666666668,29.666666666666668,29.666666666666668,29.666666666666668,29.666666666666668
New York,2016.0,1,0.0772568083215723,42.9538,-75.5268,0.002,0.0104999999999999,0.0176153846153846,0.1216666666666666,0.0139999999999999
New York,2016.0,10,0.080032749974414,42.9538,-75.5268,0.1216666666666666,0.0139999999999999,0.0032,0.0056666666666666,0.0006666666666666
New York,2016.0,11,0.0809421841541755,42.9538,-75.5268,0.006,0.0069999999999999,0.006,0.00125,0.006
New York,2016.0,12,0.0851405206769835,42.9538,-75.5268,0.0139999999999999,0.0,0.006,0.00125,0.003625
New York,2016.0,2,0.0774601429356789,42.9538,-75.5268,0.002,0.0096666666666666,0.0390666666666666,0.00833333333333325,0.0069999999999999
New York,2016.0,3,0.0817876977889552,42.9538,-75.5268,0.01058333333333325,0.0071666666666666,0.0476666666666666,0.0139999999999999,0.0
New York,2016.0,4,0.0820007340219158,42.9538,-75.5268,0.0104999999999999,0.0176153846153846,0.1216666666666666,0.0139999999999999,0.0032
New York,2016.0,5,0.0766175657332462,42.9538,-75.5268,0.0096666666666666,0.0390666666666666,0.00833333333333325,0.0069999999999999,0.006
New York,2016.0,6,0.0786585677096626,42.9538,-75.5268,0.0071666666666666,0.0476666666666666,0.0139999999999999,0.0,0.006
New York,2016.0,7,0.076215505913272,42.9538,-75.5268,0.0176153846153846,0.1216666666666666,0.0139999999999999,0.0032,0.0056666666666666
New York,2016.0,8,0.0778245050323678,42.9538,-75.5268,0.0390666666666666,0.00649999999999995,0.0069999999999999,0.006,0.00125
New York,2016.0,9,0.077835359776759,42.9538,-75.5268,0.0476666666666666,0.0139999999999999,0.0,0.006,0.00125
New York,2017.0,1,0.0810679872961188,42.9538,-75.5268,0.0139999999999999,0.0032,0.0056666666666666,0.0006666666666666,0.0044333333333333004
New York,2017.0,10,0.0849570127689881,42.9538,-75.5268,0.0006666666666666,0.0006666666666666,0.0006666666666666,0.0006666666666666,0.0006666666666666
New York,2017.0,2,0.0824335307093927,42.9538,-75.5268,0.0069999999999999,0.006,0.00125,0.006,0.006
New York,2017.0,3,0.0788656810648708,42.9538,-75.5268,0.0,0.006,0.00125,0.00125,0.00125
New York,2017.0,4,0.0800524934383202,42.9538,-75.5268,0.0032,0.0056666666666666,0.0006666666666666,0.0032,0.0032
New York,2017.0,5,0.0791209932983531,42.9538,-75.5268,0.006,0.00125,0.003625,0.003625,0.003625
New York,2017.0,6,0.0809826648887065,42.9538,-75.5268,0.006,0.00125,0.003625,0.003625,0.003625
New York,2017.0,7,0.0825520576334747,42.9538,-75.5268,0.0056666666666666,0.0006666666666666,0.0031666666666666002,0.0031666666666666002,0.0031666666666666002
New York,2017.0,8,0.0790307639803032,42.9538,-75.5268,0.00125,0.00125,0.00125,0.00125,0.00125
New York,2017.0,9,0.0796250566950561,42.9538,-75.5268,0.00125,0.00125,0.00125,0.00125,0.00125
New York,2018.0,10,0.0791976303071246,42.9538,-75.5268,29.666666666666668,29.666666666666668,29.666666666666668,29.666666666666668,29.666666666666668
New York,2018.0,11,0.0821790816882975,42.9538,-75.5268,29.666666666666668,29.666666666666668,29.666666666666668,29.666666666666668,29.666666666666668
New York,2018.0,12,0.083673136519328,42.9538,-75.5268,29.666666666666668,29.666666666666668,29.666666666666668,29.666666666666668,29.666666666666668
New York,2018.0,2,0.0807453416149068,42.9538,-75.5268,29.666666666666668,29.666666666666668,29.666666666666668,29.666666666666668,29.666666666666668
New York,2018.0,3,0.0838368176228412,42.9538,-75.5268,29.666666666666668,29.666666666666668,29.666666666666668,29.666666666666668,29.666666666666668
New York,2018.0,4,0.0833333333333333,42.9538,-75.5268,29.666666666666668,29.666666666666668,29.666666666666668,29.666666666666668,29.666666666666668
New York,2018.0,5,0.0796582420955694,42.9538,-75.5268,29.666666666666668,29.666666666666668,29.666666666666668,29.666666666666668,29.666666666666668
New York,2018.0,6,0.0786360113665719,42.9538,-75.5268,29.666666666666668,29.666666666666668,29.666666666666668,29.666666666666668,29.666666666666668
New York,2018.0,7,0.0758038258038258,42.9538,-75.5268,29.666666666666668,29.666666666666668,29.666666666666668,29.666666666666668,29.666666666666668
New York,2018.0,8,0.07718831584651,42.9538,-75.5268,29.666666666666668,29.666666666666668,29.666666666666668,29.666666666666668,29.666666666666668
New York,2018.0,9,0.0771266740776031,42.9538,-75.5268,29.666666666666668,29.666666666666668,29.666666666666668,29.666666666666668,29.666666666666668
New York,2019.0,1,0.078626496801356,42.9538,-75.5268,29.666666666666668,29.666666666666668,29.666666666666668,29.666666666666668,29.666666666666668
New York,2019.0,2,0.0830367006259973,42.9538,-75.5268,29.666666666666668,29.666666666666668,29.666666666666668,29.666666666666668,29.666666666666668
New York,2019.0,3,0.083095995979226,42.9538,-75.5268,29.666666666666668,29.666666666666668,29.666666666666668,29.666666666666668,29.666666666666668
New York,2019.0,4,0.0818814361258001,42.9538,-75.5268,29.666666666666668,29.666666666666668,29.666666666666668,29.666666666666668,29.666666666666668
North Carolina,2016.0,1,0.0910956093557652,35.5557,-79.3877,0.0055,0.0104999999999999,0.0176153846153846,0.1216666666666666,0.0139999999999999
North Carolina,2016.0,10,0.0930369787568843,35.5557,-79.3877,0.1216666666666666,0.0139999999999999,952.3813333333331,518.3325692307692,759.731103448276
North Carolina,2016.0,11,0.0937152110110312,35.5557,-79.3877,346.31676923076924,0.0069999999999999,784.6158461538462,687.7585384615385,4.875
North Carolina,2016.0,12,0.0986953490688178,35.5557,-79.3877,0.0139999999999999,1200.0,458.3933928571428,728.251,593.3221964285714
North Carolina,2016.0,2,0.0933205496963886,35.5557,-79.3877,0.0055,0.0096666666666666,0.0390666666666666,0.00833333333333325,0.0069999999999999
North Carolina,2016.0,3,0.0890341025117418,35.5557,-79.3877,0.03083333333333325,0.0071666666666666,0.0476666666666666,0.0139999999999999,1200.0
North Carolina,2016.0,4,0.0885573207385143,35.5557,-79.3877,0.0104999999999999,0.0176153846153846,0.1216666666666666,0.0139999999999999,952.3813333333331
North Carolina,2016.0,5,0.089432524563866,35.5557,-79.3877,0.0096666666666666,0.0390666666666666,0.0243666666666666,0.0069999999999999,784.6158461538462
North Carolina,2016.0,6,0.0905519544293851,35.5557,-79.3877,0.0071666666666666,0.0476666666666666,0.0139999999999999,1200.0,458.3933928571428
North Carolina,2016.0,7,0.0967589082638362,35.5557,-79.3877,0.0176153846153846,0.1216666666666666,0.0139999999999999,952.3813333333331,518.3325692307692
North Carolina,2016.0,8,0.0910991908355305,35.5557,-79.3877,0.0390666666666666,343.8988025641026,0.0069999999999999,784.6158461538462,687.7585384615385
North Carolina,2016.0,9,0.090969017798286,35.5557,-79.3877,0.0476666666666666,0.0139999999999999,1200.0,458.3933928571428,728.251
North Carolina,2017.0,1,0.0947651562176701,35.5557,-79.3877,0.0139999999999999,952.3813333333331,518.3325692307692,759.731103448276,400.8
North Carolina,2017.0,10,0.093963664778277,35.5557,-79.3877,759.731103448276,400.8,926.5731343283584,759.731103448276,759.731103448276
North Carolina,2017.0,11,0.0947670392719359,35.5557,-79.3877,4.875,334.17380952380944,1161.302,334.17380952380944,334.17380952380944
North Carolina,2017.0,12,0.0954668267787451,35.5557,-79.3877,919.4773892773893,607.189393939394,1231.7653846153846,919.4773892773893,919.4773892773893
North Carolina,2017.0,2,0.0948594467465561,35.5557,-79.3877,0.0069999999999999,784.6158461538462,687.7585384615385,4.875,334.17380952380944
North Carolina,2017.0,3,0.0941617676870058,35.5557,-79.3877,1200.0,458.3933928571428,728.251,667.720196969697,607.189393939394
North Carolina,2017.0,4,0.0930487137383689,35.5557,-79.3877,952.3813333333331,518.3325692307692,759.731103448276,400.8,926.5731343283584
North Carolina,2017.0,5,0.0934503162619873,35.5557,-79.3877,784.6158461538462,687.7585384615385,4.875,334.17380952380944,1161.302
North Carolina,2017.0,6,0.0968192242496759,35.5557,-79.3877,458.3933928571428,728.251,667.720196969697,607.189393939394,1231.7653846153846
North Carolina,2017.0,7,0.0934229476716274,35.5557,-79.3877,518.3325692307692,759.731103448276,400.8,926.5731343283584,639.0318363395227
North Carolina,2017.0,8,0.0895615679971426,35.5557,-79.3877,687.7585384615385,4.875,334.17380952380944,1161.302,510.96617399267393
North Carolina,2017.0,9,0.0926376920194829,35.5557,-79.3877,728.251,728.251,607.189393939394,1231.7653846153846,728.251
North Carolina,2018.0,1,0.0948046635303743,35.5557,-79.3877,400.8,926.5731343283584,663.6865671641792,663.6865671641792,663.6865671641792
North Carolina,2018.0,10,0.0952334818833559,35.5557,-79.3877,25.5,25.5,25.5,25.5,25.5
North Carolina,2018.0,11,0.0962035791869245,35.5557,-79.3877,25.5,25.5,25.5,25.5,25.5
North Carolina,2018.0,12,0.0967774625050668,35.5557,-79.3877,25.5,25.5,25.5,25.5,25.5
North Carolina,2018.0,2,0.0926417927688575,35.5557,-79.3877,334.17380952380944,1161.302,334.17380952380944,334.17380952380944,25.5
North Carolina,2018.0,3,0.0878063601377354,35.5557,-79.3877,607.189393939394,1231.7653846153846,607.189393939394,607.189393939394,25.5
North Carolina,2018.0,4,0.0863285915951786,35.5557,-79.3877,926.5731343283584,476.0365671641792,476.0365671641792,476.0365671641792,25.5
North Carolina,2018.0,5,0.0920773044622078,35.5557,-79.3877,1161.302,593.401,593.401,25.5,593.401
North Carolina,2018.0,6,0.0911990431575799,35.5557,-79.3877,1231.7653846153846,628.6326923076923,628.6326923076923,25.5,628.6326923076923
North Carolina,2018.0,7,0.0934963325183374,35.5557,-79.3877,25.5,25.5,25.5,25.5,25.5
North Carolina,2018.0,8,0.0934665078346925,35.5557,-79.3877,25.5,25.5,25.5,25.5,25.5
North Carolina,2018.0,9,0.0873069173942243,35.5557,-79.3877,25.5,25.5,25.5,25.5,25.5
North Carolina,2019.0,1,0.0914798206278026,35.5557,-79.3877,25.5,25.5,25.5,25.5,25.5
North Carolina,2019.0,2,0.0944603083952027,35.5557,-79.3877,25.5,25.5,25.5,25.5,25.5
North Carolina,2019.0,3,0.0904889071487263,35.5557,-79.3877,25.5,25.5,25.5,25.5,25.5
North Carolina,2019.0,4,0.0901056262125458,35.5557,-79.3877,25.5,25.5,25.5,25.5,25.5
Oregon,2016.0,1,0.0663195395998903,43.9336,-120.558,0.003,0.0098333333333333,0.2056388666666666,0.00641666666666665,0.0025
Oregon,2016.0,10,0.062365010799136,43.9336,-120.558,0.00260714285714285,0.0025,0.00260714285714285,0.0027142857142857,0.00260714285714285
Oregon,2016.0,11,0.073734001112966,43.9336,-120.558,0.00260714285714285,0.0025,0.00260714285714285,0.0027142857142857,0.00260714285714285
Oregon,2016.0,12,0.0633121371302184,43.9336,-120.558,0.0025,0.0025,0.0031666666666666,0.0,0.0025
Oregon,2016.0,2,0.0625,43.9336,-120.558,0.003,0.1531542727272727,0.1499885999999999,0.07649429999999995,0.0025
Oregon,2016.0,3,0.0623721881390593,43.9336,-120.558,0.0044545454545454,0.1966614374999999,0.0045,0.0025,0.0044772727272726996
Oregon,2016.0,4,0.0658536585365853,43.9336,-120.558,0.0098333333333333,0.2056388666666666,0.0098333333333333,0.0025,0.0098333333333333
Oregon,2016.0,5,0.0671123682180509,43.9336,-120.558,0.1531542727272727,0.1499885999999999,0.1499885999999999,0.0025,0.1499885999999999
Oregon,2016.0,6,0.0651715039577836,43.9336,-120.558,0.1966614374999999,0.0045,0.0025,0.0038333333333332997,0.0031666666666666
Oregon,2016.0,7,0.059112092224675,43.9336,-120.558,0.2056388666666666,0.0027142857142857,0.0025,0.0027142857142857,0.0027142857142857
Oregon,2016.0,8,0.0638244826726502,43.9336,-120.558,0.1499885999999999,0.0027142857142857,0.0025,0.0027142857142857,0.0027142857142857
Oregon,2016.0,9,0.0632360471070148,43.9336,-120.558,0.0045,0.0025,0.0028333333333332997,0.0031666666666666,0.0
Oregon,2017.0,1,0.0717978173463526,43.9336,-120.558,0.0025,0.00260714285714285,0.0027142857142857,0.00260714285714285,0.00260714285714285
Oregon,2017.0,2,0.0748613678373382,43.9336,-120.558,0.0025,0.00260714285714285,0.0027142857142857,0.00260714285714285,0.00260714285714285
Oregon,2017.0,3,0.0711354309165526,43.9336,-120.558,0.0015833333333333,0.0031666666666666,0.0,0.0015833333333333,0.0015833333333333
Oregon,2017.0,4,0.0631341600901916,43.9336,-120.558,0.0027142857142857,0.0027142857142857,0.0027142857142857,0.0027142857142857,0.0027142857142857
Oregon,2017.0,5,0.0643320363164721,43.9336,-120.558,0.0027142857142857,0.0027142857142857,0.0027142857142857,0.0027142857142857,0.0027142857142857
Oregon,2017.0,6,0.0666135881104034,43.9336,-120.558,0.0031666666666666,0.0,0.0015833333333333,0.0015833333333333,0.0015833333333333
Oregon,2017.0,7,0.0685292567211386,43.9336,-120.558,0.0027142857142857,0.0027142857142857,0.0027142857142857,0.0027142857142857,0.0027142857142857
Oregon,2017.0,8,0.0551262235960844,43.9336,-120.558,0.0027142857142857,0.0027142857142857,0.0027142857142857,0.0027142857142857,0.0027142857142857
Oregon,2017.0,9,0.0637788998139782,43.9336,-120.558,0.0,0.0,0.0,0.0,0.0
Oregon,2019.0,10,0.0654659805603201,43.9336,-120.558,0.2248733055555555,0.2248733055555555,0.2248733055555555,0.2248733055555555,0.2248733055555555
Oregon,2019.0,11,0.0657204566491823,43.9336,-120.558,0.27566925,0.27566925,0.27566925,0.3518631666666666,0.1994753333333333
Oregon,2019.0,12,0.0716641679160419,43.9336,-120.558,0.2248733055555555,0.2248733055555555,0.2248733055555555,0.2248733055555555,0.2248733055555555
Oregon,2019.0,8,0.0624309392265193,43.9336,-120.558,0.3518631666666666,0.3518631666666666,0.3518631666666666,0.3518631666666666,0.3518631666666666
Oregon,2019.0,9,0.0659308742375835,43.9336,-120.558,0.2248733055555555,0.2248733055555555,0.2248733055555555,0.2248733055555555,0.2248733055555555
Oregon,2020.0,1,0.0698757763975155,43.9336,-120.558,0.2248733055555555,0.2248733055555555,0.2248733055555555,0.2248733055555555,0.2248733055555555
Oregon,2020.0,10,0.058076225045372,43.9336,-120.558,0.2248733055555555,0.2248733055555555,0.2248733055555555,0.2248733055555555,0.2248733055555555
Oregon,2020.0,11,0.0664857530529172,43.9336,-120.558,0.1994753333333333,0.1994753333333333,0.1994753333333333,0.1994753333333333,0.1994753333333333
Oregon,2020.0,2,0.0661049902786779,43.9336,-120.558,0.27566925,0.27566925,0.3518631666666666,0.1994753333333333,0.27566925
Oregon,2020.0,3,0.0683174224343675,43.9336,-120.558,0.2248733055555555,0.2248733055555555,0.2248733055555555,0.2248733055555555,0.2248733055555555
Oregon,2020.0,4,0.0688223079204983,43.9336,-120.558,0.2248733055555555,0.2248733055555555,0.2248733055555555,0.2248733055555555,0.2248733055555555
Oregon,2020.0,5,0.0602409638554216,43.9336,-120.558,0.27566925,0.3518631666666666,0.1994753333333333,0.27566925,0.27566925
Oregon,2020.0,6,0.058286723579629,43.9336,-120.558,0.2248733055555555,0.2248733055555555,0.2248733055555555,0.2248733055555555,0.2248733055555555
Oregon,2020.0,7,0.0616192318319977,43.9336,-120.558,0.2248733055555555,0.2248733055555555,0.2248733055555555,0.2248733055555555,0.2248733055555555
Oregon,2020.0,8,0.0630422209369577,43.9336,-120.558,0.3518631666666666,0.1994753333333333,0.27566925,0.27566925,0.27566925
Oregon,2020.0,9,0.068443367655966,43.9336,-120.558,0.2248733055555555,0.2248733055555555,0.2248733055555555,0.2248733055555555,0.2248733055555555
Rhode Island,2016.0,1,0.0608495981630309,41.6762,-71.5562,0.002,0.0037777777777777,0.0174285714285714,0.1216666666666666,0.0139999999999999
Rhode Island,2016.0,10,0.0660486674391657,41.6762,-71.5562,0.1216666666666666,0.0139999999999999,0.0032,0.0056666666666666,0.0006666666666666
Rhode Island,2016.0,11,0.0680190930787589,41.6762,-71.5562,0.006,0.0069999999999999,0.006,0.00125,0.006
Rhode Island,2016.0,12,0.0694275274056029,41.6762,-71.5562,0.0139999999999999,0.0,0.006,0.00125,0.003625
Rhode Island,2016.0,2,0.0712468193384223,41.6762,-71.5562,0.002,0.0042,0.0375625,0.0055999999999999505,0.0069999999999999
Rhode Island,2016.0,3,0.0698924731182795,41.6762,-71.5562,0.0018571428571428,0.0082857142857142,0.0476666666666666,0.0139999999999999,0.0
Rhode Island,2016.0,4,0.0771055753262159,41.6762,-71.5562,0.0037777777777777,0.0174285714285714,0.1216666666666666,0.0139999999999999,0.0032
Rhode Island,2016.0,5,0.0555555555555555,41.6762,-71.5562,0.0042,0.0375625,0.00649999999999995,0.0069999999999999,0.006
Rhode Island,2016.0,6,0.0883668903803132,41.6762,-71.5562,0.0082857142857142,0.0476666666666666,0.0139999999999999,0.0,0.006
Rhode Island,2016.0,7,0.0861538461538461,41.6762,-71.5562,0.0174285714285714,0.1216666666666666,0.0139999999999999,0.0032,0.0056666666666666
Rhode Island,2016.0,8,0.0552208835341365,41.6762,-71.5562,0.0375625,0.00649999999999995,0.0069999999999999,0.006,0.00125
Rhode Island,2016.0,9,0.073869900771775,41.6762,-71.5562,0.0476666666666666,0.0139999999999999,0.0,0.006,0.00125
Rhode Island,2017.0,1,0.0550576184379001,41.6762,-71.5562,0.0139999999999999,0.0032,0.0056666666666666,0.0006666666666666,0.0044333333333333004
Rhode Island,2017.0,10,0.0610432852386237,41.6762,-71.5562,0.0006666666666666,0.0006666666666666,0.0006666666666666,0.0006666666666666,0.0006666666666666
Rhode Island,2017.0,2,0.0778061224489796,41.6762,-71.5562,0.0069999999999999,0.006,0.00125,0.006,0.006
Rhode Island,2017.0,3,0.0579196217494089,41.6762,-71.5562,0.0,0.006,0.00125,0.00125,0.00125
Rhode Island,2017.0,4,0.0562874251497006,41.6762,-71.5562,0.0032,0.0056666666666666,0.0006666666666666,0.0032,0.0032
Rhode Island,2017.0,5,0.0558194774346793,41.6762,-71.5562,0.006,0.00125,0.003625,0.003625,0.003625
Rhode Island,2017.0,6,0.0665188470066518,41.6762,-71.5562,0.006,0.00125,0.003625,0.003625,0.003625
Rhode Island,2017.0,7,0.0592592592592592,41.6762,-71.5562,0.0056666666666666,0.0006666666666666,0.0031666666666666002,0.0031666666666666002,0.0031666666666666002
Rhode Island,2017.0,8,0.0630081300813008,41.6762,-71.5562,0.00125,0.00125,0.00125,0.00125,0.00125
Rhode Island,2017.0,9,0.0627705627705627,41.6762,-71.5562,0.00125,0.00125,0.00125,0.00125,0.00125
Rhode Island,2018.0,10,0.0821147356580427,41.6762,-71.5562,23.2,23.2,23.2,23.2,23.2
Rhode Island,2018.0,11,0.0553459119496855,41.6762,-71.5562,23.2,23.2,23.2,23.2,23.2
Rhode Island,2018.0,12,0.0727728983688833,41.6762,-71.5562,23.2,23.2,23.2,23.2,23.2
Rhode Island,2018.0,2,0.0619469026548672,41.6762,-71.5562,23.2,23.2,23.2,23.2,23.2
Rhode Island,2018.0,3,0.069634703196347,41.6762,-71.5562,23.2,23.2,23.2,23.2,23.2
Rhode Island,2018.0,4,0.0610599078341013,41.6762,-71.5562,23.2,23.2,23.2,23.2,23.2
Rhode Island,2018.0,5,0.0625,41.6762,-71.5562,23.2,23.2,23.2,23.2,23.2
Rhode Island,2018.0,6,0.056441717791411,41.6762,-71.5562,23.2,23.2,23.2,23.2,23.2
Rhode Island,2018.0,7,0.0592841163310962,41.6762,-71.5562,23.2,23.2,23.2,23.2,23.2
Rhode Island,2018.0,8,0.0583244962884411,41.6762,-71.5562,23.2,23.2,23.2,23.2,23.2
Rhode Island,2018.0,9,0.0463276836158192,41.6762,-71.5562,23.2,23.2,23.2,23.2,23.2
Rhode Island,2019.0,1,0.0616844602609727,41.6762,-71.5562,23.2,23.2,23.2,23.2,23.2
Rhode Island,2019.0,2,0.0515603799185888,41.6762,-71.5562,23.2,23.2,23.2,23.2,23.2
Rhode Island,2019.0,3,0.0680100755667506,41.6762,-71.5562,23.2,23.2,23.2,23.2,23.2
Rhode Island,2019.0,4,0.0599489795918367,41.6762,-71.5562,23.2,23.2,23.2,23.2,23.2
South Carolina,2016.0,1,0.096896770107663,33.9169,-80.8964,0.0045555555555555,0.0071428571428571,0.026125,0.0866,0.0139999999999999
South Carolina,2016.0,10,0.0992787441663131,33.9169,-80.8964,0.0866,0.0139999999999999,975.6101463414632,518.3326461538462,667.6427878787879
South Carolina,2016.0,11,0.0941052631578947,33.9169,-80.8964,0.034,0.0069999999999999,809.5242857142857,677.3380303030303,2.43875
South Carolina,2016.0,12,0.0923488276429452,33.9169,-80.8964,0.032,1200.0,466.72790909090907,678.878220338983,572.803064714946
South Carolina,2016.0,2,0.0815960546962564,33.9169,-80.8964,0.0045,0.00725,0.0566,0.034,0.0069999999999999
South Carolina,2016.0,3,0.0973322217590662,33.9169,-80.8964,0.0048333333333333,0.0096666666666666,0.0514545454545454,0.032,1200.0
South Carolina,2016.0,4,0.097739209865266,33.9169,-80.8964,0.0071428571428571,0.026125,0.0866,0.0139999999999999,975.6101463414632
South Carolina,2016.0,5,0.0969683938937862,33.9169,-80.8964,0.00725,0.0566,0.034,0.0069999999999999,809.5242857142857
South Carolina,2016.0,6,0.0898018166804294,33.9169,-80.8964,0.0096666666666666,0.0514545454545454,0.032,1200.0,466.72790909090907
South Carolina,2016.0,7,0.0986842105263157,33.9169,-80.8964,0.026125,0.0866,0.0139999999999999,975.6101463414632,518.3326461538462
South Carolina,2016.0,8,0.1012317167051578,33.9169,-80.8964,0.0566,0.034,0.0069999999999999,809.5242857142857,677.3380303030303
South Carolina,2016.0,9,0.0910559257015949,33.9169,-80.8964,0.0514545454545454,0.032,1200.0,466.72790909090907,678.878220338983
South Carolina,2017.0,1,0.0936963979416809,33.9169,-80.8964,0.0139999999999999,975.6101463414632,518.3326461538462,667.6427878787879,400.8
South Carolina,2017.0,10,0.0950617283950617,33.9169,-80.8964,667.6427878787879,400.8,926.5731343283584,667.6427878787879,667.6427878787879
South Carolina,2017.0,11,0.0956006768189509,33.9169,-80.8964,2.43875,334.17380952380944,1161.302,334.17380952380944,334.17380952380944
South Carolina,2017.0,12,0.0963419821352615,33.9169,-80.8964,919.4773892773893,607.189393939394,1231.7653846153846,919.4773892773893,919.4773892773893
South Carolina,2017.0,2,0.0958585388552815,33.9169,-80.8964,0.0069999999999999,809.5242857142857,677.3380303030303,2.43875,334.17380952380944
South Carolina,2017.0,3,0.0925498426023085,33.9169,-80.8964,1200.0,466.72790909090907,678.878220338983,643.0338071391885,607.189393939394
South Carolina,2017.0,4,0.0946357460763644,33.9169,-80.8964,975.6101463414632,518.3326461538462,667.6427878787879,400.8,926.5731343283584
South Carolina,2017.0,5,0.0968648648648648,33.9169,-80.8964,809.5242857142857,677.3380303030303,2.43875,334.17380952380944,1161.302
South Carolina,2017.0,6,0.1049818259568099,33.9169,-80.8964,466.72790909090907,678.878220338983,643.0338071391885,607.189393939394,1231.7653846153846
South Carolina,2017.0,7,0.0974212034383954,33.9169,-80.8964,518.3326461538462,667.6427878787879,400.8,926.5731343283584,592.987717016317
South Carolina,2017.0,8,0.0948453608247422,33.9169,-80.8964,677.3380303030303,2.43875,334.17380952380944,1161.302,505.7559199134199
South Carolina,2017.0,9,0.0923259025448806,33.9169,-80.8964,678.878220338983,678.878220338983,607.189393939394,1231.7653846153846,678.878220338983
South Carolina,2018.0,1,0.0953787718928043,33.9169,-80.8964,400.8,926.5731343283584,663.6865671641792,663.6865671641792,663.6865671641792
South Carolina,2018.0,2,0.088150289017341,33.9169,-80.8964,334.17380952380944,1161.302,747.7379047619047,747.7379047619047,747.7379047619047
South Carolina,2018.0,3,0.095831542758917,33.9169,-80.8964,607.189393939394,1231.7653846153846,919.4773892773893,919.4773892773893,919.4773892773893
South Carolina,2018.0,4,0.0952274754683318,33.9169,-80.8964,926.5731343283584,926.5731343283584,926.5731343283584,926.5731343283584,926.5731343283584
South Carolina,2018.0,5,0.0936773102135758,33.9169,-80.8964,1161.302,1161.302,1161.302,1161.302,1161.302
South Carolina,2018.0,6,0.100134108180599,33.9169,-80.8964,1231.7653846153846,1231.7653846153846,1231.7653846153846,1231.7653846153846,1231.7653846153846
Virginia,2016.0,1,0.0863625274457184,37.5215,-78.8537,0.002,0.0104999999999999,0.0176153846153846,0.1216666666666666,0.0139999999999999
Virginia,2016.0,10,0.0827320827320827,37.5215,-78.8537,0.1216666666666666,0.0139999999999999,0.0032,0.0056666666666666,0.0006666666666666
Virginia,2016.0,11,0.0799900323947171,37.5215,-78.8537,0.006,0.0069999999999999,0.006,0.00125,0.006
Virginia,2016.0,12,0.0848739495798319,37.5215,-78.8537,0.0139999999999999,0.0,0.006,0.00125,0.003625
Virginia,2016.0,2,0.0832711906537409,37.5215,-78.8537,0.002,0.0096666666666666,0.0390666666666666,0.00833333333333325,0.0069999999999999
Virginia,2016.0,3,0.0780853517877739,37.5215,-78.8537,0.01058333333333325,0.0071666666666666,0.0476666666666666,0.0139999999999999,0.0
Virginia,2016.0,4,0.0806549423893268,37.5215,-78.8537,0.0104999999999999,0.0176153846153846,0.1216666666666666,0.0139999999999999,0.0032
Virginia,2016.0,5,0.0720967373944786,37.5215,-78.8537,0.0096666666666666,0.0390666666666666,0.00833333333333325,0.0069999999999999,0.006
Virginia,2016.0,6,0.0813064628214037,37.5215,-78.8537,0.0071666666666666,0.0476666666666666,0.0139999999999999,0.0,0.006
Virginia,2016.0,7,0.0782520325203252,37.5215,-78.8537,0.0176153846153846,0.1216666666666666,0.0139999999999999,0.0032,0.0056666666666666
Virginia,2016.0,8,0.0763155085921656,37.5215,-78.8537,0.0390666666666666,0.00649999999999995,0.0069999999999999,0.006,0.00125
Virginia,2016.0,9,0.0823370178208887,37.5215,-78.8537,0.0476666666666666,0.0139999999999999,0.0,0.006,0.00125
Virginia,2017.0,1,0.0851116319230294,37.5215,-78.8537,0.0139999999999999,0.0032,0.0056666666666666,0.0006666666666666,0.0044333333333333004
Virginia,2017.0,10,0.0797567133348634,37.5215,-78.8537,0.0006666666666666,0.0006666666666666,0.0006666666666666,0.0006666666666666,0.0006666666666666
Virginia,2017.0,2,0.0790568654646324,37.5215,-78.8537,0.0069999999999999,0.006,0.00125,0.006,0.006
Virginia,2017.0,3,0.0899211846190589,37.5215,-78.8537,0.0,0.006,0.00125,0.00125,0.00125
Virginia,2017.0,4,0.0818110647181628,37.5215,-78.8537,0.0032,0.0056666666666666,0.0006666666666666,0.0032,0.0032
Virginia,2017.0,5,0.0807541800071149,37.5215,-78.8537,0.006,0.00125,0.003625,0.003625,0.003625
Virginia,2017.0,6,0.0871915393654524,37.5215,-78.8537,0.006,0.00125,0.003625,0.003625,0.003625
Virginia,2017.0,7,0.0833333333333333,37.5215,-78.8537,0.0056666666666666,0.0006666666666666,0.0031666666666666002,0.0031666666666666002,0.0031666666666666002
Virginia,2017.0,8,0.0804647627321099,37.5215,-78.8537,0.00125,0.00125,0.00125,0.00125,0.00125
Virginia,2017.0,9,0.0840663623204543,37.5215,-78.8537,0.00125,0.00125,0.00125,0.00125,0.00125
Virginia,2018.0,10,0.0819498410455669,37.5215,-78.8537,29.666666666666668,29.666666666666668,29.666666666666668,29.666666666666668,29.666666666666668
Virginia,2018.0,11,0.0801488833746898,37.5215,-78.8537,29.666666666666668,29.666666666666668,29.666666666666668,29.666666666666668,29.666666666666668
Virginia,2018.0,12,0.0824559177977927,37.5215,-78.8537,29.666666666666668,29.666666666666668,29.666666666666668,29.666666666666668,29.666666666666668
Virginia,2018.0,2,0.0817320703653586,37.5215,-78.8537,29.666666666666668,29.666666666666668,29.666666666666668,29.666666666666668,29.666666666666668
Virginia,2018.0,3,0.0828941063727839,37.5215,-78.8537,29.666666666666668,29.666666666666668,29.666666666666668,29.666666666666668,29.666666666666668
Virginia,2018.0,4,0.0812125748502994,37.5215,-78.8537,29.666666666666668,29.666666666666668,29.666666666666668,29.666666666666668,29.666666666666668
Virginia,2018.0,5,0.0793070940372378,37.5215,-78.8537,29.666666666666668,29.666666666666668,29.666666666666668,29.666666666666668,29.666666666666668
Virginia,2018.0,6,0.0819043050725506,37.5215,-78.8537,29.666666666666668,29.666666666666668,29.666666666666668,29.666666666666668,29.666666666666668
Virginia,2018.0,7,0.0781304096941719,37.5215,-78.8537,29.666666666666668,29.666666666666668,29.666666666666668,29.666666666666668,29.666666666666668
Virginia,2018.0,8,0.0802927803038704,37.5215,-78.8537,29.666666666666668,29.666666666666668,29.666666666666668,29.666666666666668,29.666666666666668
Virginia,2018.0,9,0.0891873278236914,37.5215,-78.8537,29.666666666666668,29.666666666666668,29.666666666666668,29.666666666666668,29.666666666666668
Virginia,2019.0,1,0.0887943971985993,37.5215,-78.8537,29.666666666666668,29.666666666666668,29.666666666666668,29.666666666666668,29.666666666666668
Virginia,2019.0,2,0.085420144685587,37.5215,-78.8537,29.666666666666668,29.666666666666668,29.666666666666668,29.666666666666668,29.666666666666668
Virginia,2019.0,3,0.0822909001716948,37.5215,-78.8537,29.666666666666668,29.666666666666668,29.666666666666668,29.666666666666668,29.666666666666668
Virginia,2019.0,4,0.0796888945556547,37.5215,-78.8537,29.666666666666668,29.666666666666668,29.666666666666668,29.666666666666668,29.666666666666668
Washington,2016.0,1,0.064284728928128,47.3826,-120.447,0.004,0.0031111111111111,0.0037142857142857,0.0037142857142857,0.0037142857142857
Washington,2016.0,10,0.0623331553657234,47.3826,-120.447,0.0031666666666666,0.0031666666666666,0.0031666666666666,0.0031666666666666,0.0031666666666666
Washington,2016.0,11,0.0655152726234656,47.3826,-120.447,0.0031666666666666,0.0031666666666666,0.0031666666666666,0.0031666666666666,0.0031666666666666
Washington,2016.0,12,0.0696663863190356,47.3826,-120.447,0.0031666666666666,0.0031666666666666,0.0031666666666666,0.0031666666666666,0.0031666666666666
Washington,2016.0,2,0.0636416352565961,47.3826,-120.447,0.003375,0.0022857142857142,0.00575,0.003375,0.003375
Washington,2016.0,3,0.0625081902765037,47.3826,-120.447,0.0029,0.0034,0.0045,0.0034,0.0034
Washington,2016.0,4,0.061266447368421,47.3826,-120.447,0.0031111111111111,0.0037142857142857,0.0034126984126984002,0.0034126984126984002,0.0034126984126984002
Washington,2016.0,5,0.0642225355723625,47.3826,-120.447,0.0022857142857142,0.00575,0.0040178571428571,0.0040178571428571,0.0040178571428571
Washington,2016.0,6,0.0626805677678683,47.3826,-120.447,0.0034,0.0045,0.0034,0.0034,0.0031666666666666
Washington,2016.0,7,0.0619567916563198,47.3826,-120.447,0.0037142857142857,0.00344047619047615,0.00344047619047615,0.00344047619047615,0.0031666666666666
Washington,2016.0,8,0.0650335737378761,47.3826,-120.447,0.00575,0.0044583333333333,0.0044583333333333,0.0044583333333333,0.0031666666666666
Washington,2016.0,9,0.0581350482315112,47.3826,-120.447,0.0045,0.0038333333333332997,0.0038333333333332997,0.0031666666666666,0.0038333333333332997
Washington,2017.0,1,0.0627473148671565,47.3826,-120.447,0.0031666666666666,0.0031666666666666,0.0031666666666666,0.0031666666666666,0.0031666666666666
Washington,2017.0,2,0.0610015174506828,47.3826,-120.447,0.0031666666666666,0.0031666666666666,0.0031666666666666,0.0031666666666666,0.0031666666666666
Washington,2017.0,3,0.069164265129683,47.3826,-120.447,0.0031666666666666,0.0031666666666666,0.0031666666666666,0.0031666666666666,0.0031666666666666
Washington,2017.0,4,0.0684320557491289,47.3826,-120.447,0.0031666666666666,0.0031666666666666,0.0031666666666666,0.0031666666666666,0.0031666666666666
Washington,2017.0,5,0.0651265987992691,47.3826,-120.447,0.0031666666666666,0.0031666666666666,0.0031666666666666,0.0031666666666666,0.0031666666666666
Washington,2017.0,6,0.0636278572383371,47.3826,-120.447,0.0031666666666666,0.0031666666666666,0.0031666666666666,0.0031666666666666,0.0031666666666666
Washington,2017.0,7,0.0648775403856175,47.3826,-120.447,0.0031666666666666,0.0031666666666666,0.0031666666666666,0.0031666666666666,0.0031666666666666
Washington,2017.0,8,0.0654097729896113,47.3826,-120.447,0.0031666666666666,0.0031666666666666,0.0031666666666666,0.0031666666666666,0.0031666666666666
Washington,2019.0,10,0.0648478788744465,47.3826,-120.447,0.2248733055555555,0.2248733055555555,0.2248733055555555,0.2248733055555555,0.2248733055555555
Washington,2019.0,11,0.0659459459459459,47.3826,-120.447,0.27566925,0.27566925,0.27566925,0.3518631666666666,0.1994753333333333
Washington,2019.0,12,0.0712349397590361,47.3826,-120.447,0.2248733055555555,0.2248733055555555,0.2248733055555555,0.2248733055555555,0.2248733055555555
Washington,2019.0,8,0.0582802133472095,47.3826,-120.447,0.3518631666666666,0.3518631666666666,0.3518631666666666,0.3518631666666666,0.3518631666666666
Washington,2019.0,9,0.0610335195530726,47.3826,-120.447,0.2248733055555555,0.2248733055555555,0.2248733055555555,0.2248733055555555,0.2248733055555555
Washington,2020.0,1,0.0768665490887713,47.3826,-120.447,0.2248733055555555,0.2248733055555555,0.2248733055555555,0.2248733055555555,0.2248733055555555
Washington,2020.0,10,0.0631848584033015,47.3826,-120.447,0.2248733055555555,0.2248733055555555,0.2248733055555555,0.2248733055555555,0.2248733055555555
Washington,2020.0,11,0.0625985493535162,47.3826,-120.447,0.1994753333333333,0.1994753333333333,0.1994753333333333,0.1994753333333333,0.1994753333333333
Washington,2020.0,2,0.0687116564417178,47.3826,-120.447,0.27566925,0.27566925,0.3518631666666666,0.1994753333333333,0.27566925
Washington,2020.0,3,0.0625711035267349,47.3826,-120.447,0.2248733055555555,0.2248733055555555,0.2248733055555555,0.2248733055555555,0.2248733055555555
Washington,2020.0,4,0.06532222709338,47.3826,-120.447,0.2248733055555555,0.2248733055555555,0.2248733055555555,0.2248733055555555,0.2248733055555555
Washington,2020.0,5,0.0655391120507399,47.3826,-120.447,0.27566925,0.3518631666666666,0.1994753333333333,0.27566925,0.27566925
Washington,2020.0,6,0.0665260196905766,47.3826,-120.447,0.2248733055555555,0.2248733055555555,0.2248733055555555,0.2248733055555555,0.2248733055555555
Washington,2020.0,7,0.0677206851119894,47.3826,-120.447,0.2248733055555555,0.2248733055555555,0.2248733055555555,0.2248733055555555,0.2248733055555555
Washington,2020.0,8,0.0641629711751663,47.3826,-120.447,0.3518631666666666,0.1994753333333333,0.27566925,0.27566925,0.27566925
Washington,2020.0,9,0.0612602100350058,47.3826,-120.447,0.2248733055555555,0.2248733055555555,0.2248733055555555,0.2248733055555555,0.2248733055555555
