Unnamed: 0.1,Unnamed: 0,state,birth_year,birth_month,LBW_ratio,latitude,longitude,mp1,mp2,mp3,mp4,mp5,Degree Farenheit
0,0,Alabama,2016,1,0.109189414,32.7794,-86.8287,0.0005,0.006333333,,0.323,,43
1,1,Alabama,2016,10,0.102739726,32.7794,-86.8287,0.323,,1081.081081,534.787381,734.407,67.6
2,2,Alabama,2016,11,0.107755102,32.7794,-86.8287,,,850,721.0371774,2.43875,66.7
3,3,Alabama,2016,12,0.106042174,32.7794,-86.8287,,1304.347826,493.6539423,728.2510909,,65.3
4,4,Alabama,2016,2,0.088478676,32.7794,-86.8287,0.0005,0.006333333,0.323,,,46.4
5,5,Alabama,2016,3,0.103569946,32.7794,-86.8287,0.006333333,,0.323,,1304.347826,50.8
6,6,Alabama,2016,4,0.104738707,32.7794,-86.8287,0.006333333,,0.323,,1081.081081,54
7,7,Alabama,2016,5,0.1028798,32.7794,-86.8287,0.006333333,0.323,,,850,57.3
8,8,Alabama,2016,6,0.105179599,32.7794,-86.8287,,0.323,,1304.347826,493.6539423,60.9
9,9,Alabama,2016,7,0.107227959,32.7794,-86.8287,,0.323,,1081.081081,534.787381,63.9
10,10,Alabama,2016,8,0.098326753,32.7794,-86.8287,0.323,,,850,721.0371774,66.1
11,11,Alabama,2016,9,0.101701396,32.7794,-86.8287,0.323,,1304.347826,493.6539423,728.2510909,67.5
12,12,Alabama,2017,1,0.1003861,32.7794,-86.8287,,1081.081081,534.787381,734.407,400.8,52.4
13,13,Alabama,2017,10,0.106555754,32.7794,-86.8287,734.407,400.8,926.5731343,,,67.8
14,14,Alabama,2017,11,0.114199396,32.7794,-86.8287,2.43875,334.1738095,1161.302,,,66.7
15,15,Alabama,2017,12,0.103582395,32.7794,-86.8287,,607.1893939,1231.765385,,,65
16,16,Alabama,2017,2,0.091920766,32.7794,-86.8287,,850,721.0371774,2.43875,334.1738095,54
17,17,Alabama,2017,3,0.099416424,32.7794,-86.8287,1304.347826,493.6539423,728.2510909,,607.1893939,55.5
18,18,Alabama,2017,4,0.09543379,32.7794,-86.8287,1081.081081,534.787381,734.407,400.8,926.5731343,58.4
19,19,Alabama,2017,5,0.100357669,32.7794,-86.8287,850,721.0371774,2.43875,334.1738095,1161.302,60.7
20,20,Alabama,2017,6,0.093574548,32.7794,-86.8287,493.6539423,728.2510909,,607.1893939,1231.765385,63.2
21,21,Alabama,2017,7,0.106463125,32.7794,-86.8287,534.787381,734.407,400.8,926.5731343,,65.7
22,22,Alabama,2017,8,0.104634323,32.7794,-86.8287,721.0371774,2.43875,334.1738095,1161.302,,67.3
23,23,Alabama,2017,9,0.104090647,32.7794,-86.8287,728.2510909,,607.1893939,1231.765385,,68
24,24,Alabama,2018,1,0.110679214,32.7794,-86.8287,400.8,926.5731343,,,,40.4
25,25,Alabama,2018,10,0.108821764,32.7794,-86.8287,,,,,,67.4
26,26,Alabama,2018,11,0.112382934,32.7794,-86.8287,,,,,,65.9
27,27,Alabama,2018,12,0.11763519,32.7794,-86.8287,,,,,,64.5
28,28,Alabama,2018,2,0.105857934,32.7794,-86.8287,334.1738095,1161.302,,,,49.2
29,29,Alabama,2018,3,0.095348348,32.7794,-86.8287,607.1893939,1231.765385,,,,51.3
30,30,Alabama,2018,4,0.109769984,32.7794,-86.8287,926.5731343,,,,,53.3
31,31,Alabama,2018,5,0.106970902,32.7794,-86.8287,1161.302,,,,,57.5
32,32,Alabama,2018,6,0.100231141,32.7794,-86.8287,1231.765385,,,,,61.2
33,33,Alabama,2018,7,0.112147637,32.7794,-86.8287,,,,,,64
34,34,Alabama,2018,8,0.098117513,32.7794,-86.8287,,,,,,65.9
35,35,Alabama,2018,9,0.10058309,32.7794,-86.8287,,,,,,67.4
36,36,Alabama,2019,1,0.107419932,32.7794,-86.8287,,,,,,46.5
37,37,Alabama,2019,10,0.107266436,32.7794,-86.8287,,,,,,68.3
38,38,Alabama,2019,11,0.111647429,32.7794,-86.8287,,,,,,66.7
39,39,Alabama,2019,12,0.102257115,32.7794,-86.8287,,,,,,65.4
40,40,Alabama,2019,2,0.100637523,32.7794,-86.8287,,,,,,51.3
41,41,Alabama,2019,3,0.097657976,32.7794,-86.8287,,,,,,52.5
42,42,Alabama,2019,4,0.09512249,32.7794,-86.8287,,,,,,55.3
43,43,Alabama,2019,5,0.105482593,32.7794,-86.8287,,,,,,59.1
44,44,Alabama,2019,6,0.114643977,32.7794,-86.8287,,,,,,62.2
45,45,Alabama,2019,7,0.10219411,32.7794,-86.8287,,,,,,64.9
46,46,Alabama,2019,8,0.107280396,32.7794,-86.8287,,,,,,66.8
47,47,Alabama,2019,9,0.103388857,32.7794,-86.8287,,,,,,68.3
48,48,Alabama,2020,1,0.102470636,32.7794,-86.8287,,,,,,49.5
49,49,Alabama,2020,10,0.110249424,32.7794,-86.8287,,,,,,67.4
50,50,Alabama,2020,11,0.107733572,32.7794,-86.8287,,,,,,66.6
51,51,Alabama,2020,12,0.109952994,32.7794,-86.8287,,,,,,64.9
52,52,Alabama,2020,2,0.109734114,32.7794,-86.8287,,,,,,50.3
53,53,Alabama,2020,3,0.100923206,32.7794,-86.8287,,,,,,54.7
54,54,Alabama,2020,4,0.109039052,32.7794,-86.8287,,,,,,56.5
55,55,Alabama,2020,5,0.102472711,32.7794,-86.8287,,,,,,59
56,56,Alabama,2020,6,0.113731219,32.7794,-86.8287,,,,,,62
57,57,Alabama,2020,7,0.111303013,32.7794,-86.8287,,,,,,64.7
58,58,Alabama,2020,8,0.100096432,32.7794,-86.8287,,,,,,66.6
59,59,Alabama,2020,9,0.106255012,32.7794,-86.8287,,,,,,67.5
60,60,California,2016,1,0.067661337,37.1841,-119.469,0.001285714,0.193178444,0.253352,,0.0025,44.5
61,61,California,2016,10,0.068525576,37.1841,-119.469,,0.0025,0.006,0.0005,,62.5
62,62,California,2016,11,0.069755792,37.1841,-119.469,,0.0025,0.006,0.0005,,61.7
63,63,California,2016,12,0.069649275,37.1841,-119.469,0.0025,,0.0035,0,0.410987,60.1
64,64,California,2016,2,0.069012966,37.1841,-119.469,0.002090909,0.444341667,0.2074792,,0.0025,48.2
65,65,California,2016,3,0.067536154,37.1841,-119.469,0.005,0.2880119,,0.0025,,49.6
66,66,California,2016,4,0.069604847,37.1841,-119.469,0.193178444,0.253352,,0.0025,0.006,51.7
67,67,California,2016,5,0.0716055,37.1841,-119.469,0.444341667,0.2074792,,0.0025,0.006,53.8
68,68,California,2016,6,0.067782974,37.1841,-119.469,0.2880119,,0.0025,,0.0035,57.1
69,69,California,2016,7,0.069801992,37.1841,-119.469,0.253352,,0.0025,0.006,0.0005,59.9
70,70,California,2016,8,0.066173695,37.1841,-119.469,0.2074792,,0.0025,0.006,0.0005,61.9
71,71,California,2016,9,0.065419927,37.1841,-119.469,,0.0025,,0.0035,0,62.8
72,72,California,2017,1,0.071795132,37.1841,-119.469,0.0025,0.006,0.0005,,0.410987,42.2
73,73,California,2017,10,0.068389396,37.1841,-119.469,,0.410987,,,,62.3
74,74,California,2017,11,0.069035716,37.1841,-119.469,,0.410987,,,,61.5
75,75,California,2017,12,0.069404325,37.1841,-119.469,0.410987,,,,,60.3
76,76,California,2017,2,0.067162935,37.1841,-119.469,0.0025,0.006,0.0005,,0.410987,44.8
77,77,California,2017,3,0.068011041,37.1841,-119.469,,0.0035,0,0.410987,,47.6
78,78,California,2017,4,0.069400119,37.1841,-119.469,0.006,0.0005,,0.410987,,49.6
79,79,California,2017,5,0.068248731,37.1841,-119.469,0.006,0.0005,,0.410987,,52.4
80,80,California,2017,6,0.068474159,37.1841,-119.469,0.0035,0,0.410987,,,55.8
81,81,California,2017,7,0.070427756,37.1841,-119.469,0.0005,,0.410987,,,59.1
82,82,California,2017,8,0.067639257,37.1841,-119.469,0.0005,,0.410987,,,61.4
83,83,California,2017,9,0.067738979,37.1841,-119.469,0,0.410987,,,,62.4
84,84,California,2018,1,0.070534311,37.1841,-119.469,0.410987,,,,,48.9
85,85,California,2018,10,0.069856216,37.1841,-119.469,,,1579.689704,0.172157,0.223749,62.4
86,86,California,2018,11,0.07270532,37.1841,-119.469,,,1579.689704,0.172157,0.223749,61.5
87,87,California,2018,12,0.068530687,37.1841,-119.469,,1527.973672,1441.12137,0.223749,,60.1
88,88,California,2018,2,0.068210172,37.1841,-119.469,0.410987,,,,,47.8
89,89,California,2018,3,0.070561477,37.1841,-119.469,,,,,1527.973672,48.2
90,90,California,2018,4,0.070611384,37.1841,-119.469,,,,,1579.689704,50.4
91,91,California,2018,5,0.072318802,37.1841,-119.469,,,,,1579.689704,52.9
92,92,California,2018,6,0.070054496,37.1841,-119.469,,,,1527.973672,1441.12137,56
93,93,California,2018,7,0.069534919,37.1841,-119.469,,,,1579.689704,0.172157,59.4
94,94,California,2018,8,0.068020922,37.1841,-119.469,,,,1579.689704,0.172157,61.5
95,95,California,2018,9,0.066668373,37.1841,-119.469,,,1527.973672,1441.12137,0.223749,62.6
96,96,California,2019,1,0.073316922,37.1841,-119.469,,1579.689704,0.172157,0.223749,,46.1
97,97,California,2019,10,0.068644413,37.1841,-119.469,0.223749,,,,,60.4
98,98,California,2019,11,0.072802465,37.1841,-119.469,0.223749,,,,,59.7
99,99,California,2019,12,0.072502671,37.1841,-119.469,,,,,,58.4
100,100,California,2019,2,0.070276803,37.1841,-119.469,,1579.689704,0.172157,0.223749,,43.4
101,101,California,2019,3,0.071318915,37.1841,-119.469,1527.973672,1441.12137,0.223749,,,45.2
102,102,California,2019,4,0.069555042,37.1841,-119.469,1579.689704,0.172157,0.223749,,,48.5
103,103,California,2019,5,0.070655957,37.1841,-119.469,1579.689704,0.172157,0.223749,,,50.5
104,104,California,2019,6,0.070173469,37.1841,-119.469,1441.12137,0.223749,,,,53.9
105,105,California,2019,7,0.072265824,37.1841,-119.469,0.172157,0.223749,,,,57
106,106,California,2019,8,0.070730919,37.1841,-119.469,0.172157,0.223749,,,,59.5
107,107,California,2019,9,0.069834786,37.1841,-119.469,0.223749,,,,,60.5
108,108,California,2020,1,0.069854782,37.1841,-119.469,,,,,,45.3
109,109,California,2020,10,0.068919446,37.1841,-119.469,,,,,,63
110,110,California,2020,11,0.06350873,37.1841,-119.469,,,,,,61.9
111,111,California,2020,12,0.070661545,37.1841,-119.469,,,,,,60.5
112,112,California,2020,2,0.070991653,37.1841,-119.469,,,,,,47.3
113,113,California,2020,3,0.071219931,37.1841,-119.469,,,,,,47.5
114,114,California,2020,4,0.068543488,37.1841,-119.469,,,,,,49.8
115,115,California,2020,5,0.067100249,37.1841,-119.469,,,,,,52.7
116,116,California,2020,6,0.072654412,37.1841,-119.469,,,,,,55.7
117,117,California,2020,7,0.067991716,37.1841,-119.469,,,,,,58.7
118,118,California,2020,8,0.069146361,37.1841,-119.469,,,,,,61.2
119,119,California,2020,9,0.06932571,37.1841,-119.469,,,,,,62.6
120,120,Connecticut,2016,1,0.088589653,41.6219,-72.7273,0.002,0.00375,0.017615385,0.121666667,0.014,29.7
121,121,Connecticut,2016,10,0.073162393,41.6219,-72.7273,0.121666667,0.014,0.0032,0.005666667,0.000666667,54.5
122,122,Connecticut,2016,11,0.079175705,41.6219,-72.7273,,0.007,0.006,0.00125,,53.5
123,123,Connecticut,2016,12,0.088384694,41.6219,-72.7273,0.014,0,0.006,0.00125,,51.8
124,124,Connecticut,2016,2,0.069992554,41.6219,-72.7273,0.002,0.004222222,0.039066667,,0.007,30.9
125,125,Connecticut,2016,3,0.086635326,41.6219,-72.7273,0.0015,0.007166667,0.047666667,0.014,0,35
126,126,Connecticut,2016,4,0.074705111,41.6219,-72.7273,0.00375,0.017615385,0.121666667,0.014,0.0032,37.9
127,127,Connecticut,2016,5,0.074784276,41.6219,-72.7273,0.004222222,0.039066667,,0.007,0.006,42
128,128,Connecticut,2016,6,0.071567358,41.6219,-72.7273,0.007166667,0.047666667,0.014,0,0.006,46.3
129,129,Connecticut,2016,7,0.066349206,41.6219,-72.7273,0.017615385,0.121666667,0.014,0.0032,0.005666667,50.2
130,130,Connecticut,2016,8,0.075762242,41.6219,-72.7273,0.039066667,,0.007,0.006,0.00125,53.2
131,131,Connecticut,2016,9,0.070345273,41.6219,-72.7273,0.047666667,0.014,0,0.006,0.00125,54.6
132,132,Connecticut,2017,1,0.086343931,41.6219,-72.7273,0.014,0.0032,0.005666667,0.000666667,,32.7
133,133,Connecticut,2017,10,0.083135392,41.6219,-72.7273,0.000666667,,,,,54.1
134,134,Connecticut,2017,11,0.074074074,41.6219,-72.7273,,,,,,52.9
135,135,Connecticut,2017,12,0.076581576,41.6219,-72.7273,,,,,,50.9
136,136,Connecticut,2017,2,0.073741709,41.6219,-72.7273,0.007,0.006,0.00125,,,33.7
137,137,Connecticut,2017,3,0.080726539,41.6219,-72.7273,0,0.006,0.00125,,,33.6
138,138,Connecticut,2017,4,0.08707671,41.6219,-72.7273,0.0032,0.005666667,0.000666667,,,38.1
139,139,Connecticut,2017,5,0.083497699,41.6219,-72.7273,0.006,0.00125,,,,41.8
140,140,Connecticut,2017,6,0.083250083,41.6219,-72.7273,0.006,0.00125,,,,46
141,141,Connecticut,2017,7,0.076262793,41.6219,-72.7273,0.005666667,0.000666667,,,,49.7
142,142,Connecticut,2017,8,0.07523511,41.6219,-72.7273,0.00125,,,,,52.1
143,143,Connecticut,2017,9,0.075646345,41.6219,-72.7273,0.00125,,,,,53.6
144,144,Connecticut,2018,1,0.075741336,41.6219,-72.7273,,,,,,25.4
145,145,Connecticut,2018,10,0.076598507,41.6219,-72.7273,,,29.66666667,,,53.6
146,146,Connecticut,2018,11,0.073706591,41.6219,-72.7273,,29.66666667,,,,52.3
147,147,Connecticut,2018,12,0.085479256,41.6219,-72.7273,,29.66666667,,,,50.8
148,148,Connecticut,2018,2,0.083870968,41.6219,-72.7273,,,,,29.66666667,30.6
149,149,Connecticut,2018,3,0.078756477,41.6219,-72.7273,,,,,29.66666667,32.5
150,150,Connecticut,2018,4,0.073503048,41.6219,-72.7273,,,,,29.66666667,35.2
151,151,Connecticut,2018,5,0.071750322,41.6219,-72.7273,,,,29.66666667,,40.6
152,152,Connecticut,2018,6,0.07565337,41.6219,-72.7273,,,,29.66666667,,44.9
153,153,Connecticut,2018,7,0.066018767,41.6219,-72.7273,,,,29.66666667,,49.1
154,154,Connecticut,2018,8,0.066797002,41.6219,-72.7273,,,29.66666667,,,52.2
155,155,Connecticut,2018,9,0.071994488,41.6219,-72.7273,,,29.66666667,,,53.8
156,156,Connecticut,2019,1,0.083183937,41.6219,-72.7273,,29.66666667,,,,27
157,157,Connecticut,2019,10,0.073773266,41.6219,-72.7273,,,,,,52.7
158,158,Connecticut,2019,11,0.077237282,41.6219,-72.7273,,,,,,51.4
159,159,Connecticut,2019,12,0.073668855,41.6219,-72.7273,,,,,,49.8
160,160,Connecticut,2019,2,0.074621065,41.6219,-72.7273,29.66666667,,,,,28.6
161,161,Connecticut,2019,3,0.082336383,41.6219,-72.7273,29.66666667,,,,,30.7
162,162,Connecticut,2019,4,0.074776386,41.6219,-72.7273,29.66666667,,,,,35.3
163,163,Connecticut,2019,5,0.07122905,41.6219,-72.7273,,,,,,39.7
164,164,Connecticut,2019,6,0.083686441,41.6219,-72.7273,,,,,,44.2
165,165,Connecticut,2019,7,0.06653426,41.6219,-72.7273,,,,,,48.5
166,166,Connecticut,2019,8,0.071852546,41.6219,-72.7273,,,,,,51.3
167,167,Connecticut,2019,9,0.078273078,41.6219,-72.7273,,,,,,52.6
168,168,Connecticut,2020,1,0.084739677,41.6219,-72.7273,,,,,,33
169,169,Connecticut,2020,10,0.080297135,41.6219,-72.7273,,,,,,54.2
170,170,Connecticut,2020,11,0.087163233,41.6219,-72.7273,,,,,,53.4
171,171,Connecticut,2020,12,0.076620825,41.6219,-72.7273,,,,,,51.8
172,172,Connecticut,2020,2,0.083634901,41.6219,-72.7273,,,,,,33.5
173,173,Connecticut,2020,3,0.069751139,41.6219,-72.7273,,,,,,36.1
174,174,Connecticut,2020,4,0.074468085,41.6219,-72.7273,,,,,,38.2
175,175,Connecticut,2020,5,0.079409698,41.6219,-72.7273,,,,,,41.8
176,176,Connecticut,2020,6,0.076468544,41.6219,-72.7273,,,,,,46.3
177,177,Connecticut,2020,7,0.066178916,41.6219,-72.7273,,,,,,50.4
178,178,Connecticut,2020,8,0.073284477,41.6219,-72.7273,,,,,,53.2
179,179,Connecticut,2020,9,0.076763485,41.6219,-72.7273,,,,,,54.4
180,180,Delaware,2016,1,0.112426036,38.9896,-75.505,0.002,0.0105,0.017615385,0.121666667,0.014,34.3
181,181,Delaware,2016,10,0.072234763,38.9896,-75.505,0.121666667,0.014,0.0032,0.005666667,0.000666667,60
182,182,Delaware,2016,11,0.078886311,38.9896,-75.505,,0.007,0.006,0.00125,,59
183,183,Delaware,2016,12,0.066505441,38.9896,-75.505,0.014,0,0.006,0.00125,,57.4
184,184,Delaware,2016,2,0.06257379,38.9896,-75.505,0.002,0.009666667,0.039066667,,0.007,36.4
185,185,Delaware,2016,3,0.0831643,38.9896,-75.505,,0.007166667,0.047666667,0.014,0,40.8
186,186,Delaware,2016,4,0.096885813,38.9896,-75.505,0.0105,0.017615385,0.121666667,0.014,0.0032,43.9
187,187,Delaware,2016,5,0.082251082,38.9896,-75.505,0.009666667,0.039066667,,0.007,0.006,47.5
188,188,Delaware,2016,6,0.069473684,38.9896,-75.505,0.007166667,0.047666667,0.014,0,0.006,51.6
189,189,Delaware,2016,7,0.067759563,38.9896,-75.505,0.017615385,0.121666667,0.014,0.0032,0.005666667,55.6
190,190,Delaware,2016,8,0.058252427,38.9896,-75.505,0.039066667,,0.007,0.006,0.00125,58.5
191,191,Delaware,2016,9,0.064893617,38.9896,-75.505,0.047666667,0.014,0,0.006,0.00125,60
192,192,Delaware,2017,1,0.101398601,38.9896,-75.505,0.014,0.0032,0.005666667,0.000666667,,39.1
193,193,Delaware,2017,10,0.070083682,38.9896,-75.505,0.000666667,,,,,60.8
194,194,Delaware,2017,11,0.097442144,38.9896,-75.505,,,,,,59.6
195,195,Delaware,2017,12,0.047058824,38.9896,-75.505,,,,,,57.6
196,196,Delaware,2017,2,0.077020202,38.9896,-75.505,0.007,0.006,0.00125,,,41.8
197,197,Delaware,2017,3,0.072687225,38.9896,-75.505,0,0.006,0.00125,,,42.4
198,198,Delaware,2017,4,0.059322034,38.9896,-75.505,0.0032,0.005666667,0.000666667,,,46.7
199,199,Delaware,2017,5,0.085683297,38.9896,-75.505,0.006,0.00125,,,,49.9
200,200,Delaware,2017,6,0.091675448,38.9896,-75.505,0.006,0.00125,,,,53.9
201,201,Delaware,2017,7,0.083604777,38.9896,-75.505,0.005666667,0.000666667,,,,57.4
202,202,Delaware,2017,8,0.073482428,38.9896,-75.505,0.00125,,,,,59.5
203,203,Delaware,2017,9,0.078366446,38.9896,-75.505,0.00125,,,,,60.6
204,204,Delaware,2018,1,0.106807512,38.9896,-75.505,,,,,,32.8
205,205,Delaware,2018,10,0.059751973,38.9896,-75.505,,,29.66666667,,,59.9
206,206,Delaware,2018,11,0.115995116,38.9896,-75.505,,29.66666667,,,,58.6
207,207,Delaware,2018,12,0.07752809,38.9896,-75.505,,29.66666667,,,,57.1
208,208,Delaware,2018,2,0.067258883,38.9896,-75.505,,,,,29.66666667,38
209,209,Delaware,2018,3,0.060606061,38.9896,-75.505,,,,,29.66666667,38.8
210,210,Delaware,2018,4,0.069135802,38.9896,-75.505,,,,,29.66666667,42
211,211,Delaware,2018,5,0.08676307,38.9896,-75.505,,,,29.66666667,,47.3
212,212,Delaware,2018,6,0.087739033,38.9896,-75.505,,,,29.66666667,,51.5
213,213,Delaware,2018,7,0.052184466,38.9896,-75.505,,,,29.66666667,,55.2
214,214,Delaware,2018,8,0.071060762,38.9896,-75.505,,,29.66666667,,,58.1
215,215,Delaware,2018,9,0.080046404,38.9896,-75.505,,,29.66666667,,,59.8
216,216,Delaware,2019,1,0.101136364,38.9896,-75.505,,29.66666667,,,,35.3
217,217,Delaware,2019,10,0.08137045,38.9896,-75.505,,,,,,60.6
218,218,Delaware,2019,11,0.069988138,38.9896,-75.505,,,,,,59
219,219,Delaware,2019,12,0.080906149,38.9896,-75.505,,,,,,57.5
220,220,Delaware,2019,2,0.074712644,38.9896,-75.505,29.66666667,,,,,37
221,221,Delaware,2019,3,0.087412587,38.9896,-75.505,29.66666667,,,,,39.1
222,222,Delaware,2019,4,0.071519796,38.9896,-75.505,29.66666667,,,,,44
223,223,Delaware,2019,5,0.093283582,38.9896,-75.505,,,,,,48.6
224,224,Delaware,2019,6,0.074162679,38.9896,-75.505,,,,,,52.8
225,225,Delaware,2019,7,0.090497738,38.9896,-75.505,,,,,,56.6
226,226,Delaware,2019,8,0.097959184,38.9896,-75.505,,,,,,59.1
227,227,Delaware,2019,9,0.083597884,38.9896,-75.505,,,,,,60.5
228,228,Delaware,2020,1,0.083333333,38.9896,-75.505,,,,,,40.2
229,229,Delaware,2020,10,0.083146067,38.9896,-75.505,,,,,,60.4
230,230,Delaware,2020,11,0.081924577,38.9896,-75.505,,,,,,59.6
231,231,Delaware,2020,12,0.085714286,38.9896,-75.505,,,,,,58
232,232,Delaware,2020,2,0.079589217,38.9896,-75.505,,,,,,41.1
233,233,Delaware,2020,3,0.079856973,38.9896,-75.505,,,,,,43.9
234,234,Delaware,2020,4,0.085025381,38.9896,-75.505,,,,,,45.9
235,235,Delaware,2020,5,0.044032445,38.9896,-75.505,,,,,,48.8
236,236,Delaware,2020,6,0.089467724,38.9896,-75.505,,,,,,53
237,237,Delaware,2020,7,0.072687225,38.9896,-75.505,,,,,,56.9
238,238,Delaware,2020,8,0.075291622,38.9896,-75.505,,,,,,59.5
239,239,Delaware,2020,9,0.062363239,38.9896,-75.505,,,,,,60.5
240,240,Florida,2016,1,0.088714083,28.6305,-82.4497,0.005272727,0.005,,0.0802,0.001,56.9
241,241,Florida,2016,10,0.086983632,28.6305,-82.4497,0.0802,0.001,1081.081081,534.787381,734.407,73.7
242,242,Florida,2016,11,0.085412218,28.6305,-82.4497,0.0158,,850,721.0371774,2.43875,73.1
243,243,Florida,2016,12,0.088084245,28.6305,-82.4497,0.01975,1304.347826,493.6539423,728.2510909,,72.5
244,244,Florida,2016,2,0.087081017,28.6305,-82.4497,0.0045,0.005,0.323,0.0158,,58.2
245,245,Florida,2016,3,0.0811044,28.6305,-82.4497,0.004285714,,0.1615,0.01975,1304.347826,61.7
246,246,Florida,2016,4,0.087798469,28.6305,-82.4497,0.005,,0.0802,0.001,1081.081081,64.1
247,247,Florida,2016,5,0.090376896,28.6305,-82.4497,0.005,0.323,0.0158,,850,66.5
248,248,Florida,2016,6,0.088222465,28.6305,-82.4497,,0.1615,0.01975,1304.347826,493.6539423,69.1
249,249,Florida,2016,7,0.088287815,28.6305,-82.4497,,0.0802,0.001,1081.081081,534.787381,71.2
250,250,Florida,2016,8,0.088355211,28.6305,-82.4497,0.323,0.0158,,850,721.0371774,72.7
251,251,Florida,2016,9,0.084690554,28.6305,-82.4497,0.1615,0.01975,1304.347826,493.6539423,728.2510909,73.6
252,252,Florida,2017,1,0.086218967,28.6305,-82.4497,0.001,1081.081081,534.787381,734.407,400.8,62.8
253,253,Florida,2017,10,0.086606141,28.6305,-82.4497,734.407,400.8,926.5731343,,,74.5
254,254,Florida,2017,11,0.088538667,28.6305,-82.4497,2.43875,334.1738095,1161.302,,,73.9
255,255,Florida,2017,12,0.088331293,28.6305,-82.4497,,607.1893939,1231.765385,,,72.8
256,256,Florida,2017,2,0.085551443,28.6305,-82.4497,,850,721.0371774,2.43875,334.1738095,64.2
257,257,Florida,2017,3,0.088042409,28.6305,-82.4497,1304.347826,493.6539423,728.2510909,,607.1893939,64.8
258,258,Florida,2017,4,0.087041768,28.6305,-82.4497,1081.081081,534.787381,734.407,400.8,926.5731343,66.7
259,259,Florida,2017,5,0.088502568,28.6305,-82.4497,850,721.0371774,2.43875,334.1738095,1161.302,68.8
260,260,Florida,2017,6,0.092287115,28.6305,-82.4497,493.6539423,728.2510909,,607.1893939,1231.765385,70.7
261,261,Florida,2017,7,0.089331721,28.6305,-82.4497,534.787381,734.407,400.8,926.5731343,,72.4
262,262,Florida,2017,8,0.088225214,28.6305,-82.4497,721.0371774,2.43875,334.1738095,1161.302,,73.7
263,263,Florida,2017,9,0.086071263,28.6305,-82.4497,728.2510909,,607.1893939,1231.765385,,74.5
264,264,Florida,2018,1,0.085714286,28.6305,-82.4497,400.8,926.5731343,,,,55
265,265,Florida,2018,10,0.086123917,28.6305,-82.4497,,,1059.135247,,,73.9
266,266,Florida,2018,11,0.085551948,28.6305,-82.4497,,1059.135247,,,,73.2
267,267,Florida,2018,12,0.08477742,28.6305,-82.4497,,1059.135247,,,,72.3
268,268,Florida,2018,2,0.085040984,28.6305,-82.4497,334.1738095,1161.302,,,1059.135247,62.1
269,269,Florida,2018,3,0.087336716,28.6305,-82.4497,607.1893939,1231.765385,,,1059.135247,62.4
270,270,Florida,2018,4,0.085539594,28.6305,-82.4497,926.5731343,,,,1059.135247,64.4
271,271,Florida,2018,5,0.088449066,28.6305,-82.4497,1161.302,,,1059.135247,,66.8
272,272,Florida,2018,6,0.088751996,28.6305,-82.4497,1231.765385,,,1059.135247,,69.2
273,273,Florida,2018,7,0.09323333,28.6305,-82.4497,,,,1059.135247,,71.1
274,274,Florida,2018,8,0.087213343,28.6305,-82.4497,,,1059.135247,,,72.5
275,275,Florida,2018,9,0.083634081,28.6305,-82.4497,,,1059.135247,,,73.6
276,276,Florida,2019,1,0.085189486,28.6305,-82.4497,,1059.135247,,,,58.4
277,277,Florida,2019,10,0.085810604,28.6305,-82.4497,,,,,,74.9
278,278,Florida,2019,11,0.08786057,28.6305,-82.4497,,,,,,74
279,279,Florida,2019,12,0.086516676,28.6305,-82.4497,,,,,,73.2
280,280,Florida,2019,2,0.084105402,28.6305,-82.4497,1059.135247,,,,,63
281,281,Florida,2019,3,0.087826634,28.6305,-82.4497,1059.135247,,,,,63.9
282,282,Florida,2019,4,0.088494049,28.6305,-82.4497,1059.135247,,,,,65.7
283,283,Florida,2019,5,0.086512415,28.6305,-82.4497,,,,,,68.3
284,284,Florida,2019,6,0.090545155,28.6305,-82.4497,,,,,,70.7
285,285,Florida,2019,7,0.092706385,28.6305,-82.4497,,,,,,72.4
286,286,Florida,2019,8,0.088996602,28.6305,-82.4497,,,,,,73.7
287,287,Florida,2019,9,0.084840343,28.6305,-82.4497,,,,,,74.6
288,288,Florida,2020,1,0.088128507,28.6305,-82.4497,,,,,,61.8
289,289,Florida,2020,10,0.085862774,28.6305,-82.4497,,,,,,75
290,290,Florida,2020,11,0.089712222,28.6305,-82.4497,,,,,,74.6
291,291,Florida,2020,12,0.086141688,28.6305,-82.4497,,,,,,73.2
292,292,Florida,2020,2,0.086475826,28.6305,-82.4497,,,,,,62.7
293,293,Florida,2020,3,0.085947047,28.6305,-82.4497,,,,,,65.5
294,294,Florida,2020,4,0.08503956,28.6305,-82.4497,,,,,,67.4
295,295,Florida,2020,5,0.087463729,28.6305,-82.4497,,,,,,69.1
296,296,Florida,2020,6,0.085680473,28.6305,-82.4497,,,,,,71.1
297,297,Florida,2020,7,0.088368707,28.6305,-82.4497,,,,,,72.8
298,298,Florida,2020,8,0.090035882,28.6305,-82.4497,,,,,,74.1
299,299,Florida,2020,9,0.083273787,28.6305,-82.4497,,,,,,74.8
300,300,Georgia,2016,1,0.096220576,32.6415,-83.4426,0.004555556,0.006375,0.026125,0.0866,0.014,44.4
301,301,Georgia,2016,10,0.09920267,32.6415,-83.4426,0.0866,0.014,1025.641436,526.4315469,667.6427879,67.9
302,302,Georgia,2016,11,0.098932715,32.6415,-83.4426,0.034,0.014,809.5242857,687.7585692,2.43875,67
303,303,Georgia,2016,12,0.099164646,32.6415,-83.4426,0.032,1304.347826,466.7279091,690.5829655,,65.8
304,304,Georgia,2016,2,0.094807692,32.6415,-83.4426,0.0045,0.006555556,0.0566,0.034,0.014,47.2
305,305,Georgia,2016,3,0.095352936,32.6415,-83.4426,0.004285714,0.009666667,0.051454545,0.032,1304.347826,51.8
306,306,Georgia,2016,4,0.100685817,32.6415,-83.4426,0.006375,0.026125,0.0866,0.014,1025.641436,54.8
307,307,Georgia,2016,5,0.098795866,32.6415,-83.4426,0.006555556,0.0566,0.034,0.014,809.5242857,58
308,308,Georgia,2016,6,0.094943145,32.6415,-83.4426,0.009666667,0.051454545,0.032,1304.347826,466.7279091,61.6
309,309,Georgia,2016,7,0.100348494,32.6415,-83.4426,0.026125,0.0866,0.014,1025.641436,526.4315469,64.6
310,310,Georgia,2016,8,0.095990279,32.6415,-83.4426,0.0566,0.034,0.014,809.5242857,687.7585692,66.8
311,311,Georgia,2016,9,0.098617757,32.6415,-83.4426,0.051454545,0.032,1304.347826,466.7279091,690.5829655,68
312,312,Georgia,2017,1,0.102504422,32.6415,-83.4426,0.014,1025.641436,526.4315469,667.6427879,400.8,53.2
313,313,Georgia,2017,10,0.098671374,32.6415,-83.4426,667.6427879,400.8,926.5731343,,,68.4
314,314,Georgia,2017,11,0.09834533,32.6415,-83.4426,2.43875,334.1738095,1161.302,,,67.3
315,315,Georgia,2017,12,0.103339809,32.6415,-83.4426,,607.1893939,1231.765385,,,65.8
316,316,Georgia,2017,2,0.091974934,32.6415,-83.4426,0.014,809.5242857,687.7585692,2.43875,334.1738095,54.9
317,317,Georgia,2017,3,0.094590794,32.6415,-83.4426,1304.347826,466.7279091,690.5829655,,607.1893939,55.9
318,318,Georgia,2017,4,0.099618832,32.6415,-83.4426,1025.641436,526.4315469,667.6427879,400.8,926.5731343,58.8
319,319,Georgia,2017,5,0.103978979,32.6415,-83.4426,809.5242857,687.7585692,2.43875,334.1738095,1161.302,61.3
320,320,Georgia,2017,6,0.106998591,32.6415,-83.4426,466.7279091,690.5829655,,607.1893939,1231.765385,63.9
321,321,Georgia,2017,7,0.097986577,32.6415,-83.4426,526.4315469,667.6427879,400.8,926.5731343,,66.3
322,322,Georgia,2017,8,0.09762533,32.6415,-83.4426,687.7585692,2.43875,334.1738095,1161.302,,67.9
323,323,Georgia,2017,9,0.091037903,32.6415,-83.4426,690.5829655,,607.1893939,1231.765385,,68.6
324,324,Georgia,2018,1,0.094958302,32.6415,-83.4426,400.8,926.5731343,,,,42.5
325,325,Georgia,2018,10,0.102785515,32.6415,-83.4426,,,,,,67.8
326,326,Georgia,2018,11,0.109243697,32.6415,-83.4426,,,,,,66.4
327,327,Georgia,2018,12,0.100083635,32.6415,-83.4426,,,,,,65.1
328,328,Georgia,2018,2,0.108206245,32.6415,-83.4426,334.1738095,1161.302,,,,50.9
329,329,Georgia,2018,3,0.097642137,32.6415,-83.4426,607.1893939,1231.765385,,,,52.1
330,330,Georgia,2018,4,0.101422195,32.6415,-83.4426,926.5731343,,,,,54.2
331,331,Georgia,2018,5,0.106540988,32.6415,-83.4426,1161.302,,,,,58.1
332,332,Georgia,2018,6,0.100867888,32.6415,-83.4426,1231.765385,,,,,61.6
333,333,Georgia,2018,7,0.100390045,32.6415,-83.4426,,,,,,64.3
334,334,Georgia,2018,8,0.09932183,32.6415,-83.4426,,,,,,66.2
335,335,Georgia,2018,9,0.091847265,32.6415,-83.4426,,,,,,67.7
336,336,Georgia,2019,1,0.100111961,32.6415,-83.4426,,,,,,48.2
337,337,Georgia,2019,10,0.101148168,32.6415,-83.4426,,,,,,69
338,338,Georgia,2019,11,0.108364643,32.6415,-83.4426,,,,,,67.5
339,339,Georgia,2019,12,0.100327562,32.6415,-83.4426,,,,,,66.2
340,340,Georgia,2019,2,0.101532367,32.6415,-83.4426,,,,,,52.2
341,341,Georgia,2019,3,0.107714988,32.6415,-83.4426,,,,,,53.5
342,342,Georgia,2019,4,0.097005143,32.6415,-83.4426,,,,,,56.3
343,343,Georgia,2019,5,0.101238095,32.6415,-83.4426,,,,,,60.2
344,344,Georgia,2019,6,0.09611886,32.6415,-83.4426,,,,,,63.2
345,345,Georgia,2019,7,0.101968611,32.6415,-83.4426,,,,,,65.7
346,346,Georgia,2019,8,0.094360549,32.6415,-83.4426,,,,,,67.6
347,347,Georgia,2019,9,0.093881279,32.6415,-83.4426,,,,,,68.9
348,348,Georgia,2020,1,0.097574732,32.6415,-83.4426,,,,,,51.4
349,349,Georgia,2020,10,0.100968594,32.6415,-83.4426,,,,,,68.1
350,350,Georgia,2020,11,0.100864854,32.6415,-83.4426,,,,,,67.4
351,351,Georgia,2020,12,0.101321158,32.6415,-83.4426,,,,,,65.6
352,352,Georgia,2020,2,0.098894155,32.6415,-83.4426,,,,,,51.7
353,353,Georgia,2020,3,0.097670251,32.6415,-83.4426,,,,,,55.5
354,354,Georgia,2020,4,0.089598352,32.6415,-83.4426,,,,,,57.4
355,355,Georgia,2020,5,0.101656026,32.6415,-83.4426,,,,,,59.8
356,356,Georgia,2020,6,0.102526003,32.6415,-83.4426,,,,,,62.6
357,357,Georgia,2020,7,0.099164241,32.6415,-83.4426,,,,,,65.3
358,358,Georgia,2020,8,0.098151169,32.6415,-83.4426,,,,,,67.2
359,359,Georgia,2020,9,0.095184136,32.6415,-83.4426,,,,,,68
360,360,Hawaii,2016,1,0.075716235,20.2927,-156.373,,0.384205333,0.32208725,0.006,0.001333333,
361,361,Hawaii,2016,10,0.070790816,20.2927,-156.373,0.006,0.001333333,0,,,
362,362,Hawaii,2016,11,0.081438004,20.2927,-156.373,,0.001,,,,
363,363,Hawaii,2016,12,0.071381362,20.2927,-156.373,,0.001,,,,
364,364,Hawaii,2016,2,0.068567549,20.2927,-156.373,,0.358118786,0.005,,0.001,
365,365,Hawaii,2016,3,0.082219251,20.2927,-156.373,,0.358118786,0.005,,0.001,
366,366,Hawaii,2016,4,0.084546085,20.2927,-156.373,0.384205333,0.32208725,0.006,0.001333333,0,
367,367,Hawaii,2016,5,0.104166667,20.2927,-156.373,0.358118786,0.005,,0.001,,
368,368,Hawaii,2016,6,0.092477571,20.2927,-156.373,0.358118786,0.005,,0.001,,
369,369,Hawaii,2016,7,0.071763917,20.2927,-156.373,0.32208725,0.006,0.001333333,0,,
370,370,Hawaii,2016,8,0.087468983,20.2927,-156.373,0.005,,0.001,,,
371,371,Hawaii,2016,9,0.07984546,20.2927,-156.373,0.005,,0.001,,,
372,372,Hawaii,2017,1,0.080368906,20.2927,-156.373,0.001333333,0,,,,
373,373,Hawaii,2017,10,0.081794195,20.2927,-156.373,,,,,,
374,374,Hawaii,2017,11,0.069552874,20.2927,-156.373,,,,,,
375,375,Hawaii,2017,12,0.073867596,20.2927,-156.373,,,,,,
376,376,Hawaii,2017,2,0.080763583,20.2927,-156.373,0.001,,,,,
377,377,Hawaii,2017,3,0.067921991,20.2927,-156.373,0.001,,,,,
378,378,Hawaii,2017,4,0.089488636,20.2927,-156.373,0,,,,,
379,379,Hawaii,2017,5,0.06920904,20.2927,-156.373,,,,,,
380,380,Hawaii,2017,6,0.083519761,20.2927,-156.373,,,,,,
381,381,Hawaii,2017,7,0.08531746,20.2927,-156.373,,,,,,
382,382,Hawaii,2017,8,0.087312415,20.2927,-156.373,,,,,,
383,383,Hawaii,2017,9,0.086172345,20.2927,-156.373,,,,,,
384,384,Hawaii,2018,1,0.077912795,20.2927,-156.373,,,,,,
385,385,Hawaii,2018,10,0.089447939,20.2927,-156.373,,,,,1.622570538,
386,386,Hawaii,2018,11,0.091106291,20.2927,-156.373,,,,3.656354,1.453088583,
387,387,Hawaii,2018,12,0.074047955,20.2927,-156.373,,,,3.656354,1.453088583,
388,388,Hawaii,2018,2,0.073482428,20.2927,-156.373,,,,,,
389,389,Hawaii,2018,3,0.062906725,20.2927,-156.373,,,,,,
390,390,Hawaii,2018,4,0.079913607,20.2927,-156.373,,,,,,
391,391,Hawaii,2018,5,0.077284946,20.2927,-156.373,,,,,,
392,392,Hawaii,2018,6,0.067055394,20.2927,-156.373,,,,,,
393,393,Hawaii,2018,7,0.078091106,20.2927,-156.373,,,,,,
394,394,Hawaii,2018,8,0.075895994,20.2927,-156.373,,,,,3.656354,
395,395,Hawaii,2018,9,0.072591588,20.2927,-156.373,,,,,3.656354,
396,396,Hawaii,2019,1,0.075127644,20.2927,-156.373,,,,1.622570538,,
397,397,Hawaii,2019,10,0.090134847,20.2927,-156.373,1.622570538,,0.709009818,,,
398,398,Hawaii,2019,11,0.080028329,20.2927,-156.373,1.453088583,,0.709009818,,,
399,399,Hawaii,2019,12,0.081573197,20.2927,-156.373,1.453088583,0.709009818,,,,
400,400,Hawaii,2019,2,0.053951368,20.2927,-156.373,,,3.656354,1.453088583,,
401,401,Hawaii,2019,3,0.073770492,20.2927,-156.373,,,3.656354,1.453088583,0.709009818,
402,402,Hawaii,2019,4,0.080185042,20.2927,-156.373,,,1.622570538,,0.709009818,
403,403,Hawaii,2019,5,0.081818182,20.2927,-156.373,,3.656354,1.453088583,,0.709009818,
404,404,Hawaii,2019,6,0.080937973,20.2927,-156.373,,3.656354,1.453088583,0.709009818,,
405,405,Hawaii,2019,7,0.06802244,20.2927,-156.373,,1.622570538,,0.709009818,,
406,406,Hawaii,2019,8,0.078911565,20.2927,-156.373,3.656354,1.453088583,,0.709009818,,
407,407,Hawaii,2019,9,0.075140449,20.2927,-156.373,3.656354,1.453088583,0.709009818,,,
408,408,Hawaii,2020,1,0.087928465,20.2927,-156.373,,0.709009818,,,,
409,409,Hawaii,2020,10,0.064186725,20.2927,-156.373,,,,,,
410,410,Hawaii,2020,11,0.063878327,20.2927,-156.373,,,,,,
411,411,Hawaii,2020,12,0.058870968,20.2927,-156.373,,,,,,
412,412,Hawaii,2020,2,0.088992974,20.2927,-156.373,,0.709009818,,,,
413,413,Hawaii,2020,3,0.074268567,20.2927,-156.373,0.709009818,,,,,
414,414,Hawaii,2020,4,0.068429238,20.2927,-156.373,0.709009818,,,,,
415,415,Hawaii,2020,5,0.062215478,20.2927,-156.373,0.709009818,,,,,
416,416,Hawaii,2020,6,0.086919831,20.2927,-156.373,,,,,,
417,417,Hawaii,2020,7,0.086193745,20.2927,-156.373,,,,,,
418,418,Hawaii,2020,8,0.070552147,20.2927,-156.373,,,,,,
419,419,Hawaii,2020,9,0.078668684,20.2927,-156.373,,,,,,
420,420,Louisiana,2016,1,0.097179878,31.0689,-91.9968,,,,,,48.8
421,421,Louisiana,2016,10,0.11576585,31.0689,-91.9968,,,1081.081081,543.4129032,847.3923077,70.8
422,422,Louisiana,2016,11,0.103377877,31.0689,-91.9968,,,850,732.857377,4.875,70
423,423,Louisiana,2016,12,0.110369806,31.0689,-91.9968,,1304.347826,503.3333333,785.3686275,,68.7
424,424,Louisiana,2016,2,0.099727635,31.0689,-91.9968,,,,,,52
425,425,Louisiana,2016,3,0.108035885,31.0689,-91.9968,,,,,1304.347826,55.9
426,426,Louisiana,2016,4,0.105600684,31.0689,-91.9968,,,,,1081.081081,59
427,427,Louisiana,2016,5,0.110397431,31.0689,-91.9968,,,,,850,61.8
428,428,Louisiana,2016,6,0.102694554,31.0689,-91.9968,,,,1304.347826,503.3333333,65
429,429,Louisiana,2016,7,0.113217671,31.0689,-91.9968,,,,1081.081081,543.4129032,67.7
430,430,Louisiana,2016,8,0.102509721,31.0689,-91.9968,,,,850,732.857377,69.5
431,431,Louisiana,2016,9,0.103761811,31.0689,-91.9968,,,1304.347826,503.3333333,785.3686275,70.7
432,432,Louisiana,2017,1,0.110120202,31.0689,-91.9968,,1081.081081,543.4129032,847.3923077,400.8,56.8
433,433,Louisiana,2017,10,0.108941222,31.0689,-91.9968,847.3923077,400.8,926.5731343,,,71.2
434,434,Louisiana,2017,11,0.111089719,31.0689,-91.9968,4.875,334.1738095,1161.302,,,70.3
435,435,Louisiana,2017,12,0.104542749,31.0689,-91.9968,,607.1893939,1231.765385,,,68.7
436,436,Louisiana,2017,2,0.096192836,31.0689,-91.9968,,850,732.857377,4.875,334.1738095,59.3
437,437,Louisiana,2017,3,0.101422764,31.0689,-91.9968,1304.347826,503.3333333,785.3686275,,607.1893939,61
438,438,Louisiana,2017,4,0.10672803,31.0689,-91.9968,1081.081081,543.4129032,847.3923077,400.8,926.5731343,63.1
439,439,Louisiana,2017,5,0.105154639,31.0689,-91.9968,850,732.857377,4.875,334.1738095,1161.302,64.8
440,440,Louisiana,2017,6,0.107171636,31.0689,-91.9968,503.3333333,785.3686275,,607.1893939,1231.765385,67.1
441,441,Louisiana,2017,7,0.110492998,31.0689,-91.9968,543.4129032,847.3923077,400.8,926.5731343,,69.3
442,442,Louisiana,2017,8,0.104057036,31.0689,-91.9968,732.857377,4.875,334.1738095,1161.302,,70.8
443,443,Louisiana,2017,9,0.105823994,31.0689,-91.9968,785.3686275,,607.1893939,1231.765385,,71.4
444,444,Louisiana,2018,1,0.110617761,31.0689,-91.9968,400.8,926.5731343,,,,44.2
445,445,Louisiana,2018,10,0.109644867,31.0689,-91.9968,,,,,,70.6
446,446,Louisiana,2018,11,0.114880952,31.0689,-91.9968,,,,,,69.2
447,447,Louisiana,2018,12,0.106227106,31.0689,-91.9968,,,,,,67.8
448,448,Louisiana,2018,2,0.099091111,31.0689,-91.9968,334.1738095,1161.302,,,,52.4
449,449,Louisiana,2018,3,0.112368973,31.0689,-91.9968,607.1893939,1231.765385,,,,55.6
450,450,Louisiana,2018,4,0.105898123,31.0689,-91.9968,926.5731343,,,,,57.4
451,451,Louisiana,2018,5,0.098440348,31.0689,-91.9968,1161.302,,,,,61.5
452,452,Louisiana,2018,6,0.111111111,31.0689,-91.9968,1231.765385,,,,,64.9
453,453,Louisiana,2018,7,0.109399376,31.0689,-91.9968,,,,,,67.6
454,454,Louisiana,2018,8,0.10310559,31.0689,-91.9968,,,,,,69.4
455,455,Louisiana,2018,9,0.107541899,31.0689,-91.9968,,,,,,70.6
456,456,Louisiana,2019,1,0.10693302,31.0689,-91.9968,,,,,,49.9
457,457,Louisiana,2019,10,0.109663005,31.0689,-91.9968,,,,,,70.4
458,458,Louisiana,2019,11,0.106409719,31.0689,-91.9968,,,,,,68.9
459,459,Louisiana,2019,12,0.103318101,31.0689,-91.9968,,,,,,67.7
460,460,Louisiana,2019,2,0.102712317,31.0689,-91.9968,,,,,,53.8
461,461,Louisiana,2019,3,0.099376114,31.0689,-91.9968,,,,,,55.2
462,462,Louisiana,2019,4,0.108734804,31.0689,-91.9968,,,,,,57.7
463,463,Louisiana,2019,5,0.112399089,31.0689,-91.9968,,,,,,61.4
464,464,Louisiana,2019,6,0.117952188,31.0689,-91.9968,,,,,,64.5
465,465,Louisiana,2019,7,0.108666281,31.0689,-91.9968,,,,,,67
466,466,Louisiana,2019,8,0.112822416,31.0689,-91.9968,,,,,,69.1
467,467,Louisiana,2019,9,0.098487713,31.0689,-91.9968,,,,,,70.5
468,468,Louisiana,2020,1,0.112662014,31.0689,-91.9968,,,,,,53.7
469,469,Louisiana,2020,10,0.109786184,31.0689,-91.9968,,,,,,70.5
470,470,Louisiana,2020,11,0.104192872,31.0689,-91.9968,,,,,,69.7
471,471,Louisiana,2020,12,0.106595875,31.0689,-91.9968,,,,,,68.2
472,472,Louisiana,2020,2,0.109173273,31.0689,-91.9968,,,,,,53.9
473,473,Louisiana,2020,3,0.099439172,31.0689,-91.9968,,,,,,58.3
474,474,Louisiana,2020,4,0.10501139,31.0689,-91.9968,,,,,,60.4
475,475,Louisiana,2020,5,0.108196721,31.0689,-91.9968,,,,,,62.9
476,476,Louisiana,2020,6,0.119877274,31.0689,-91.9968,,,,,,65.7
477,477,Louisiana,2020,7,0.124671651,31.0689,-91.9968,,,,,,68.2
478,478,Louisiana,2020,8,0.104445319,31.0689,-91.9968,,,,,,69.9
479,479,Louisiana,2020,9,0.100805659,31.0689,-91.9968,,,,,,70.8
480,480,Maine,2016,1,0.051502146,45.3695,-69.2428,0.002,0.001857143,0.019111111,0.021,0.014,20.1
481,481,Maine,2016,10,0.065934066,45.3695,-69.2428,0.021,0.014,0.007398333,0.005666667,,46.1
482,482,Maine,2016,11,0.075026795,45.3695,-69.2428,,0.007,0.009731667,0.003,,45.3
483,483,Maine,2016,12,0.064893617,45.3695,-69.2428,0.014,0.009463333,0.006,0.003,,43.3
484,484,Maine,2016,2,0.064192578,45.3695,-69.2428,0.002,0.001857143,0.019454545,,0.007,21
485,485,Maine,2016,3,0.054131054,45.3695,-69.2428,0.001857143,0.00725,0.026428571,0.014,0.009463333,23.7
486,486,Maine,2016,4,0.065340909,45.3695,-69.2428,0.001857143,0.019111111,0.021,0.014,0.007398333,27.1
487,487,Maine,2016,5,0.055103884,45.3695,-69.2428,0.001857143,0.019454545,,0.007,0.009731667,32.3
488,488,Maine,2016,6,0.060037523,45.3695,-69.2428,0.00725,0.026428571,0.014,0.009463333,0.006,37
489,489,Maine,2016,7,0.057529611,45.3695,-69.2428,0.019111111,0.021,0.014,0.007398333,0.005666667,41.3
490,490,Maine,2016,8,0.063258232,45.3695,-69.2428,0.019454545,,0.007,0.009731667,0.003,44.4
491,491,Maine,2016,9,0.062166963,45.3695,-69.2428,0.026428571,0.014,0.009463333,0.006,0.003,46.1
492,492,Maine,2017,1,0.073363431,45.3695,-69.2428,0.014,0.007398333,0.005666667,,,21.5
493,493,Maine,2017,10,0.065606362,45.3695,-69.2428,,,,,,46
494,494,Maine,2017,11,0.066315789,45.3695,-69.2428,,,,,,44.7
495,495,Maine,2017,12,0.062374245,45.3695,-69.2428,,,,,,42.4
496,496,Maine,2017,2,0.061573546,45.3695,-69.2428,0.007,0.009731667,0.003,,,21.1
497,497,Maine,2017,3,0.05476865,45.3695,-69.2428,0.009463333,0.006,0.003,,,21.4
498,498,Maine,2017,4,0.055158325,45.3695,-69.2428,0.007398333,0.005666667,,,,26.6
499,499,Maine,2017,5,0.050799624,45.3695,-69.2428,0.009731667,0.003,,,,31.4
500,500,Maine,2017,6,0.055822907,45.3695,-69.2428,0.006,0.003,,,,36.3
501,501,Maine,2017,7,0.047178538,45.3695,-69.2428,0.005666667,,,,,40.5
502,502,Maine,2017,8,0.073043478,45.3695,-69.2428,0.003,,,,,43.3
503,503,Maine,2017,9,0.059772296,45.3695,-69.2428,0.003,,,,,45.3
504,504,Maine,2018,1,0.060796646,45.3695,-69.2428,,,,,,15
505,505,Maine,2018,10,0.064090481,45.3695,-69.2428,,,25.5,,,45.2
506,506,Maine,2018,11,0.072820513,45.3695,-69.2428,,25.5,,,,43.7
507,507,Maine,2018,12,0.063786008,45.3695,-69.2428,,25.5,,,,41.8
508,508,Maine,2018,2,0.061298077,45.3695,-69.2428,,,,,25.5,18.9
509,509,Maine,2018,3,0.058708415,45.3695,-69.2428,,,,,25.5,22.2
510,510,Maine,2018,4,0.059732235,45.3695,-69.2428,,,,,25.5,25.8
511,511,Maine,2018,5,0.063233966,45.3695,-69.2428,,,,25.5,,31.3
512,512,Maine,2018,6,0.066929134,45.3695,-69.2428,,,,25.5,,35.9
513,513,Maine,2018,7,0.052083333,45.3695,-69.2428,,,,25.5,,40.6
514,514,Maine,2018,8,0.086769759,45.3695,-69.2428,,,25.5,,,44.1
515,515,Maine,2018,9,0.05410628,45.3695,-69.2428,,,25.5,,,45.6
516,516,Maine,2019,1,0.056460369,45.3695,-69.2428,,25.5,,,,14.1
517,517,Maine,2019,10,0.058291457,45.3695,-69.2428,,,,,,43.6
518,518,Maine,2019,11,0.066810345,45.3695,-69.2428,,,,,,42.3
519,519,Maine,2019,12,0.074074074,45.3695,-69.2428,,,,,,40.7
520,520,Maine,2019,2,0.070998797,45.3695,-69.2428,25.5,,,,,15.2
521,521,Maine,2019,3,0.070063694,45.3695,-69.2428,25.5,,,,,18.4
522,522,Maine,2019,4,0.07523511,45.3695,-69.2428,25.5,,,,,23.5
523,523,Maine,2019,5,0.067748092,45.3695,-69.2428,,,,,,28.4
524,524,Maine,2019,6,0.075376884,45.3695,-69.2428,,,,,,33.6
525,525,Maine,2019,7,0.052583862,45.3695,-69.2428,,,,,,38.5
526,526,Maine,2019,8,0.052114061,45.3695,-69.2428,,,,,,41.8
527,527,Maine,2019,9,0.049345418,45.3695,-69.2428,,,,,,43.3
528,528,Maine,2020,1,0.089639115,45.3695,-69.2428,,,,,,20.8
529,529,Maine,2020,10,0.068783069,45.3695,-69.2428,,,,,,45.8
530,530,Maine,2020,11,0.057077626,45.3695,-69.2428,,,,,,45
531,531,Maine,2020,12,0.064965197,45.3695,-69.2428,,,,,,43.5
532,532,Maine,2020,2,0.040441176,45.3695,-69.2428,,,,,,20.5
533,533,Maine,2020,3,0.084477297,45.3695,-69.2428,,,,,,23.5
534,534,Maine,2020,4,0.063758389,45.3695,-69.2428,,,,,,27.1
535,535,Maine,2020,5,0.059415911,45.3695,-69.2428,,,,,,31.9
536,536,Maine,2020,6,0.068033551,45.3695,-69.2428,,,,,,37
537,537,Maine,2020,7,0.064604186,45.3695,-69.2428,,,,,,41.5
538,538,Maine,2020,8,0.049689441,45.3695,-69.2428,,,,,,44.6
539,539,Maine,2020,9,0.061740891,45.3695,-69.2428,,,,,,45.9
540,540,Maryland,2016,1,0.08816548,39.055,-76.7909,0.002,0.0105,0.017615385,0.121666667,0.014,32.1
541,541,Maryland,2016,10,0.088628218,39.055,-76.7909,0.121666667,0.014,0.0032,0.005666667,0.000666667,59.2
542,542,Maryland,2016,11,0.087491456,39.055,-76.7909,,0.007,0.006,0.00125,,58.1
543,543,Maryland,2016,12,0.085728779,39.055,-76.7909,0.014,0,0.006,0.00125,,56.5
544,544,Maryland,2016,2,0.081105329,39.055,-76.7909,0.002,0.009666667,0.039066667,,0.007,34.5
545,545,Maryland,2016,3,0.091741592,39.055,-76.7909,,0.007166667,0.047666667,0.014,0,39.5
546,546,Maryland,2016,4,0.090320382,39.055,-76.7909,0.0105,0.017615385,0.121666667,0.014,0.0032,42.9
547,547,Maryland,2016,5,0.082691073,39.055,-76.7909,0.009666667,0.039066667,,0.007,0.006,46.5
548,548,Maryland,2016,6,0.088452879,39.055,-76.7909,0.007166667,0.047666667,0.014,0,0.006,50.8
549,549,Maryland,2016,7,0.084038787,39.055,-76.7909,0.017615385,0.121666667,0.014,0.0032,0.005666667,54.7
550,550,Maryland,2016,8,0.079871717,39.055,-76.7909,0.039066667,,0.007,0.006,0.00125,57.6
551,551,Maryland,2016,9,0.078037904,39.055,-76.7909,0.047666667,0.014,0,0.006,0.00125,59.2
552,552,Maryland,2017,1,0.089836181,39.055,-76.7909,0.014,0.0032,0.005666667,0.000666667,,38.3
553,553,Maryland,2017,10,0.09285943,39.055,-76.7909,0.000666667,,,,,59.9
554,554,Maryland,2017,11,0.091922947,39.055,-76.7909,,,,,,58.6
555,555,Maryland,2017,12,0.091508796,39.055,-76.7909,,,,,,56.7
556,556,Maryland,2017,2,0.085456984,39.055,-76.7909,0.007,0.006,0.00125,,,41
557,557,Maryland,2017,3,0.089015152,39.055,-76.7909,0,0.006,0.00125,,,41.7
558,558,Maryland,2017,4,0.087459922,39.055,-76.7909,0.0032,0.005666667,0.000666667,,,46.2
559,559,Maryland,2017,5,0.090878773,39.055,-76.7909,0.006,0.00125,,,,49.4
560,560,Maryland,2017,6,0.087292454,39.055,-76.7909,0.006,0.00125,,,,53.2
561,561,Maryland,2017,7,0.091812589,39.055,-76.7909,0.005666667,0.000666667,,,,56.7
562,562,Maryland,2017,8,0.082619799,39.055,-76.7909,0.00125,,,,,58.7
563,563,Maryland,2017,9,0.081948138,39.055,-76.7909,0.00125,,,,,59.8
564,564,Maryland,2018,1,0.09866079,39.055,-76.7909,,,,,,31
565,565,Maryland,2018,10,0.082817706,39.055,-76.7909,,,29.66666667,,,58.9
566,566,Maryland,2018,11,0.088966725,39.055,-76.7909,,29.66666667,,,,57.4
567,567,Maryland,2018,12,0.097272259,39.055,-76.7909,,29.66666667,,,,55.9
568,568,Maryland,2018,2,0.089835431,39.055,-76.7909,,,,,29.66666667,36.3
569,569,Maryland,2018,3,0.081506365,39.055,-76.7909,,,,,29.66666667,37.3
570,570,Maryland,2018,4,0.085443038,39.055,-76.7909,,,,,29.66666667,40.7
571,571,Maryland,2018,5,0.084842552,39.055,-76.7909,,,,29.66666667,,46.3
572,572,Maryland,2018,6,0.088952897,39.055,-76.7909,,,,29.66666667,,50.6
573,573,Maryland,2018,7,0.088561496,39.055,-76.7909,,,,29.66666667,,54.2
574,574,Maryland,2018,8,0.084212135,39.055,-76.7909,,,29.66666667,,,57.1
575,575,Maryland,2018,9,0.086320289,39.055,-76.7909,,,29.66666667,,,58.8
576,576,Maryland,2019,1,0.082840237,39.055,-76.7909,,29.66666667,,,,34
577,577,Maryland,2019,10,0.085529587,39.055,-76.7909,,,,,,59.7
578,578,Maryland,2019,11,0.087201893,39.055,-76.7909,,,,,,58.2
579,579,Maryland,2019,12,0.083262676,39.055,-76.7909,,,,,,56.6
580,580,Maryland,2019,2,0.088910318,39.055,-76.7909,29.66666667,,,,,35.8
581,581,Maryland,2019,3,0.08231601,39.055,-76.7909,29.66666667,,,,,37.9
582,582,Maryland,2019,4,0.084055919,39.055,-76.7909,29.66666667,,,,,42.9
583,583,Maryland,2019,5,0.085815245,39.055,-76.7909,,,,,,47.8
584,584,Maryland,2019,6,0.093870403,39.055,-76.7909,,,,,,51.9
585,585,Maryland,2019,7,0.093545817,39.055,-76.7909,,,,,,55.7
586,586,Maryland,2019,8,0.091267961,39.055,-76.7909,,,,,,58.2
587,587,Maryland,2019,9,0.081014326,39.055,-76.7909,,,,,,59.7
588,588,Maryland,2020,1,0.084228474,39.055,-76.7909,,,,,,39.1
589,589,Maryland,2020,10,0.082962435,39.055,-76.7909,,,,,,59.7
590,590,Maryland,2020,11,0.086518349,39.055,-76.7909,,,,,,58.9
591,591,Maryland,2020,12,0.083713296,39.055,-76.7909,,,,,,57.2
592,592,Maryland,2020,2,0.093155894,39.055,-76.7909,,,,,,40.1
593,593,Maryland,2020,3,0.076680672,39.055,-76.7909,,,,,,43.1
594,594,Maryland,2020,4,0.084142395,39.055,-76.7909,,,,,,45.3
595,595,Maryland,2020,5,0.086057024,39.055,-76.7909,,,,,,48.3
596,596,Maryland,2020,6,0.082973207,39.055,-76.7909,,,,,,52.4
597,597,Maryland,2020,7,0.085917313,39.055,-76.7909,,,,,,56.3
598,598,Maryland,2020,8,0.083816892,39.055,-76.7909,,,,,,58.9
599,599,Maryland,2020,9,0.080802792,39.055,-76.7909,,,,,,59.8
600,600,Massachusetts,2016,1,0.074019518,42.2596,-71.8083,0.002,0.003777778,0.017428571,0.021,0.014,28.5
601,601,Massachusetts,2016,10,0.077653724,42.2596,-71.8083,0.021,0.014,0.0032,0.005666667,0.000666667,53.1
602,602,Massachusetts,2016,11,0.071677712,42.2596,-71.8083,,0.007,0.006,0.00125,,52.1
603,603,Massachusetts,2016,12,0.086397392,42.2596,-71.8083,0.014,0,0.006,0.00125,,50.3
604,604,Massachusetts,2016,2,0.076710817,42.2596,-71.8083,0.002,0.0042,0.018533333,,0.007,29.7
605,605,Massachusetts,2016,3,0.079471307,42.2596,-71.8083,0.001857143,0.008285714,0.022636364,0.014,0,33.5
606,606,Massachusetts,2016,4,0.072184626,42.2596,-71.8083,0.003777778,0.017428571,0.021,0.014,0.0032,36.4
607,607,Massachusetts,2016,5,0.070616883,42.2596,-71.8083,0.0042,0.018533333,,0.007,0.006,40.5
608,608,Massachusetts,2016,6,0.073273761,42.2596,-71.8083,0.008285714,0.022636364,0.014,0,0.006,44.8
609,609,Massachusetts,2016,7,0.069450889,42.2596,-71.8083,0.017428571,0.021,0.014,0.0032,0.005666667,48.8
610,610,Massachusetts,2016,8,0.07265357,42.2596,-71.8083,0.018533333,,0.007,0.006,0.00125,51.7
611,611,Massachusetts,2016,9,0.064615885,42.2596,-71.8083,0.022636364,0.014,0,0.006,0.00125,53.2
612,612,Massachusetts,2017,1,0.082884822,42.2596,-71.8083,0.014,0.0032,0.005666667,0.000666667,,31.5
613,613,Massachusetts,2017,10,0.068490906,42.2596,-71.8083,0.000666667,,,,,52.8
614,614,Massachusetts,2017,11,0.075802772,42.2596,-71.8083,,,,,,51.7
615,615,Massachusetts,2017,12,0.074595355,42.2596,-71.8083,,,,,,49.6
616,616,Massachusetts,2017,2,0.079217509,42.2596,-71.8083,0.007,0.006,0.00125,,,32.3
617,617,Massachusetts,2017,3,0.071161049,42.2596,-71.8083,0,0.006,0.00125,,,32
618,618,Massachusetts,2017,4,0.069424716,42.2596,-71.8083,0.0032,0.005666667,0.000666667,,,36.6
619,619,Massachusetts,2017,5,0.072058579,42.2596,-71.8083,0.006,0.00125,,,,40.3
620,620,Massachusetts,2017,6,0.076784545,42.2596,-71.8083,0.006,0.00125,,,,44.6
621,621,Massachusetts,2017,7,0.07076825,42.2596,-71.8083,0.005666667,0.000666667,,,,48.2
622,622,Massachusetts,2017,8,0.069978132,42.2596,-71.8083,0.00125,,,,,50.7
623,623,Massachusetts,2017,9,0.076642336,42.2596,-71.8083,0.00125,,,,,52.3
624,624,Massachusetts,2018,1,0.075760302,42.2596,-71.8083,,,,,,24.5
625,625,Massachusetts,2018,10,0.077378937,42.2596,-71.8083,,,25.5,,,52.4
626,626,Massachusetts,2018,11,0.078071596,42.2596,-71.8083,,25.5,,,,51.1
627,627,Massachusetts,2018,12,0.068142445,42.2596,-71.8083,,25.5,,,,49.5
628,628,Massachusetts,2018,2,0.074241827,42.2596,-71.8083,,,,,25.5,29.4
629,629,Massachusetts,2018,3,0.071624871,42.2596,-71.8083,,,,,25.5,31.2
630,630,Massachusetts,2018,4,0.077348066,42.2596,-71.8083,,,,,25.5,34
631,631,Massachusetts,2018,5,0.078148087,42.2596,-71.8083,,,,25.5,,39.3
632,632,Massachusetts,2018,6,0.078382007,42.2596,-71.8083,,,,25.5,,43.6
633,633,Massachusetts,2018,7,0.070295897,42.2596,-71.8083,,,,25.5,,47.8
634,634,Massachusetts,2018,8,0.075777202,42.2596,-71.8083,,,25.5,,,51
635,635,Massachusetts,2018,9,0.074255751,42.2596,-71.8083,,,25.5,,,52.6
636,636,Massachusetts,2019,1,0.07821836,42.2596,-71.8083,,25.5,,,,25.9
637,637,Massachusetts,2019,10,0.080072643,42.2596,-71.8083,,,,,,51.5
638,638,Massachusetts,2019,11,0.072564431,42.2596,-71.8083,,,,,,50.2
639,639,Massachusetts,2019,12,0.078453244,42.2596,-71.8083,,,,,,48.5
640,640,Massachusetts,2019,2,0.071798963,42.2596,-71.8083,25.5,,,,,27.2
641,641,Massachusetts,2019,3,0.076104311,42.2596,-71.8083,25.5,,,,,29.4
642,642,Massachusetts,2019,4,0.08028169,42.2596,-71.8083,25.5,,,,,34
643,643,Massachusetts,2019,5,0.071596639,42.2596,-71.8083,,,,,,38.2
644,644,Massachusetts,2019,6,0.077217391,42.2596,-71.8083,,,,,,42.8
645,645,Massachusetts,2019,7,0.074312369,42.2596,-71.8083,,,,,,47.2
646,646,Massachusetts,2019,8,0.074542009,42.2596,-71.8083,,,,,,50
647,647,Massachusetts,2019,9,0.069046031,42.2596,-71.8083,,,,,,51.4
648,648,Massachusetts,2020,1,0.079385403,42.2596,-71.8083,,,,,,32
649,649,Massachusetts,2020,10,0.069429098,42.2596,-71.8083,,,,,,53.3
650,650,Massachusetts,2020,11,0.069108092,42.2596,-71.8083,,,,,,52.5
651,651,Massachusetts,2020,12,0.078677075,42.2596,-71.8083,,,,,,50.9
652,652,Massachusetts,2020,2,0.069709224,42.2596,-71.8083,,,,,,32.2
653,653,Massachusetts,2020,3,0.073934161,42.2596,-71.8083,,,,,,34.9
654,654,Massachusetts,2020,4,0.070136169,42.2596,-71.8083,,,,,,36.9
655,655,Massachusetts,2020,5,0.077904171,42.2596,-71.8083,,,,,,40.8
656,656,Massachusetts,2020,6,0.069763514,42.2596,-71.8083,,,,,,45.3
657,657,Massachusetts,2020,7,0.07113385,42.2596,-71.8083,,,,,,49.4
658,658,Massachusetts,2020,8,0.072471147,42.2596,-71.8083,,,,,,52.2
659,659,Massachusetts,2020,9,0.071932299,42.2596,-71.8083,,,,,,53.4
660,660,Mississippi,2016,1,0.113231964,32.7364,-89.6678,,,,,,43.7
661,661,Mississippi,2016,10,0.115243902,32.7364,-89.6678,,,1081.081081,543.4129032,847.3923077,68.3
662,662,Mississippi,2016,11,0.112443292,32.7364,-89.6678,,,850,732.857377,4.875,67.4
663,663,Mississippi,2016,12,0.111351686,32.7364,-89.6678,,1304.347826,503.3333333,785.3686275,,65.9
664,664,Mississippi,2016,2,0.108144643,32.7364,-89.6678,,,,,,47.3
665,665,Mississippi,2016,3,0.109477635,32.7364,-89.6678,,,,,1304.347826,51.6
666,666,Mississippi,2016,4,0.122610891,32.7364,-89.6678,,,,,1081.081081,55
667,667,Mississippi,2016,5,0.116364856,32.7364,-89.6678,,,,,850,58.1
668,668,Mississippi,2016,6,0.115812918,32.7364,-89.6678,,,,1304.347826,503.3333333,61.8
669,669,Mississippi,2016,7,0.109819517,32.7364,-89.6678,,,,1081.081081,543.4129032,64.7
670,670,Mississippi,2016,8,0.114758778,32.7364,-89.6678,,,,850,732.857377,66.9
671,671,Mississippi,2016,9,0.111481369,32.7364,-89.6678,,,1304.347826,503.3333333,785.3686275,68.2
672,672,Mississippi,2017,1,0.108681876,32.7364,-89.6678,,1081.081081,543.4129032,847.3923077,400.8,52.9
673,673,Mississippi,2017,10,0.112626904,32.7364,-89.6678,847.3923077,400.8,926.5731343,,,68.5
674,674,Mississippi,2017,11,0.116113008,32.7364,-89.6678,4.875,334.1738095,1161.302,,,67.5
675,675,Mississippi,2017,12,0.11436673,32.7364,-89.6678,,607.1893939,1231.765385,,,65.8
676,676,Mississippi,2017,2,0.109608541,32.7364,-89.6678,,850,732.857377,4.875,334.1738095,55
677,677,Mississippi,2017,3,0.120119126,32.7364,-89.6678,1304.347826,503.3333333,785.3686275,,607.1893939,56.7
678,678,Mississippi,2017,4,0.117624521,32.7364,-89.6678,1081.081081,543.4129032,847.3923077,400.8,926.5731343,59.4
679,679,Mississippi,2017,5,0.114961679,32.7364,-89.6678,850,732.857377,4.875,334.1738095,1161.302,61.5
680,680,Mississippi,2017,6,0.114408177,32.7364,-89.6678,503.3333333,785.3686275,,607.1893939,1231.765385,64
681,681,Mississippi,2017,7,0.115919629,32.7364,-89.6678,543.4129032,847.3923077,400.8,926.5731343,,66.5
682,682,Mississippi,2017,8,0.116813156,32.7364,-89.6678,732.857377,4.875,334.1738095,1161.302,,68.1
683,683,Mississippi,2017,9,0.11547763,32.7364,-89.6678,785.3686275,,607.1893939,1231.765385,,68.8
684,684,Mississippi,2018,1,0.119307248,32.7364,-89.6678,400.8,926.5731343,,,,40.1
685,685,Mississippi,2018,10,0.122701332,32.7364,-89.6678,,,,,,67.8
686,686,Mississippi,2018,11,0.119147562,32.7364,-89.6678,,,,,,66.2
687,687,Mississippi,2018,12,0.132720938,32.7364,-89.6678,,,,,,64.8
688,688,Mississippi,2018,2,0.106203996,32.7364,-89.6678,334.1738095,1161.302,,,,48.5
689,689,Mississippi,2018,3,0.122007979,32.7364,-89.6678,607.1893939,1231.765385,,,,51.4
690,690,Mississippi,2018,4,0.120363636,32.7364,-89.6678,926.5731343,,,,,53.3
691,691,Mississippi,2018,5,0.131,32.7364,-89.6678,1161.302,,,,,57.8
692,692,Mississippi,2018,6,0.121172209,32.7364,-89.6678,1231.765385,,,,,61.6
693,693,Mississippi,2018,7,0.111930725,32.7364,-89.6678,,,,,,64.5
694,694,Mississippi,2018,8,0.112016293,32.7364,-89.6678,,,,,,66.4
695,695,Mississippi,2018,9,0.120777565,32.7364,-89.6678,,,,,,67.8
696,696,Mississippi,2019,1,0.110865445,32.7364,-89.6678,,,,,,46.3
697,697,Mississippi,2019,10,0.125693161,32.7364,-89.6678,,,,,,68.2
698,698,Mississippi,2019,11,0.110611822,32.7364,-89.6678,,,,,,66.5
699,699,Mississippi,2019,12,0.135368486,32.7364,-89.6678,,,,,,65.2
700,700,Mississippi,2019,2,0.122978563,32.7364,-89.6678,,,,,,50.7
701,701,Mississippi,2019,3,0.122011252,32.7364,-89.6678,,,,,,52
702,702,Mississippi,2019,4,0.11825652,32.7364,-89.6678,,,,,,54.8
703,703,Mississippi,2019,5,0.133860977,32.7364,-89.6678,,,,,,58.7
704,704,Mississippi,2019,6,0.134505022,32.7364,-89.6678,,,,,,62
705,705,Mississippi,2019,7,0.121770122,32.7364,-89.6678,,,,,,64.6
706,706,Mississippi,2019,8,0.113825983,32.7364,-89.6678,,,,,,66.7
707,707,Mississippi,2019,9,0.11409189,32.7364,-89.6678,,,,,,68.3
708,708,Mississippi,2020,1,0.118178883,32.7364,-89.6678,,,,,,50.1
709,709,Mississippi,2020,10,0.125860374,32.7364,-89.6678,,,,,,68
710,710,Mississippi,2020,11,0.119181946,32.7364,-89.6678,,,,,,67.1
711,711,Mississippi,2020,12,0.115897436,32.7364,-89.6678,,,,,,65.5
712,712,Mississippi,2020,2,0.122197309,32.7364,-89.6678,,,,,,50.6
713,713,Mississippi,2020,3,0.102874957,32.7364,-89.6678,,,,,,55.1
714,714,Mississippi,2020,4,0.118694362,32.7364,-89.6678,,,,,,57.1
715,715,Mississippi,2020,5,0.12152903,32.7364,-89.6678,,,,,,59.7
716,716,Mississippi,2020,6,0.124500666,32.7364,-89.6678,,,,,,62.8
717,717,Mississippi,2020,7,0.122130102,32.7364,-89.6678,,,,,,65.5
718,718,Mississippi,2020,8,0.115188258,32.7364,-89.6678,,,,,,67.4
719,719,Mississippi,2020,9,0.103612167,32.7364,-89.6678,,,,,,68.2
720,720,New Hampshire,2016,1,0.055208333,43.6805,-71.5811,0.002,0.003777778,0.017428571,0.021,0.014,22.9
721,721,New Hampshire,2016,10,0.045045045,43.6805,-71.5811,0.021,0.014,0.0032,0.005666667,0.000666667,48.7
722,722,New Hampshire,2016,11,0.05888651,43.6805,-71.5811,,0.007,0.006,0.00125,,47.7
723,723,New Hampshire,2016,12,0.066371681,43.6805,-71.5811,0.014,0,0.006,0.00125,,45.7
724,724,New Hampshire,2016,2,0.062098501,43.6805,-71.5811,0.002,0.0042,0.018533333,,0.007,24.3
725,725,New Hampshire,2016,3,0.06039604,43.6805,-71.5811,0.001857143,0.008285714,0.022636364,0.014,0,27.9
726,726,New Hampshire,2016,4,0.032850242,43.6805,-71.5811,0.003777778,0.017428571,0.021,0.014,0.0032,31
727,727,New Hampshire,2016,5,0.046605876,43.6805,-71.5811,0.0042,0.018533333,,0.007,0.006,35.7
728,728,New Hampshire,2016,6,0.055822907,43.6805,-71.5811,0.008285714,0.022636364,0.014,0,0.006,40.2
729,729,New Hampshire,2016,7,0.047222222,43.6805,-71.5811,0.017428571,0.021,0.014,0.0032,0.005666667,44.3
730,730,New Hampshire,2016,8,0.066424022,43.6805,-71.5811,0.018533333,,0.007,0.006,0.00125,47.3
731,731,New Hampshire,2016,9,0.062555066,43.6805,-71.5811,0.022636364,0.014,0,0.006,0.00125,48.7
732,732,New Hampshire,2017,1,0.058504875,43.6805,-71.5811,0.014,0.0032,0.005666667,0.000666667,,25.7
733,733,New Hampshire,2017,10,0.053412463,43.6805,-71.5811,0.000666667,,,,,48.5
734,734,New Hampshire,2017,11,0.06743941,43.6805,-71.5811,,,,,,47.2
735,735,New Hampshire,2017,12,0.067477876,43.6805,-71.5811,,,,,,44.9
736,736,New Hampshire,2017,2,0.076222981,43.6805,-71.5811,0.007,0.006,0.00125,,,26.2
737,737,New Hampshire,2017,3,0.029787234,43.6805,-71.5811,0,0.006,0.00125,,,25.9
738,738,New Hampshire,2017,4,0.040858018,43.6805,-71.5811,0.0032,0.005666667,0.000666667,,,30.9
739,739,New Hampshire,2017,5,0.052190121,43.6805,-71.5811,0.006,0.00125,,,,35.1
740,740,New Hampshire,2017,6,0.055758684,43.6805,-71.5811,0.006,0.00125,,,,39.7
741,741,New Hampshire,2017,7,0.061167748,43.6805,-71.5811,0.005666667,0.000666667,,,,43.5
742,742,New Hampshire,2017,8,0.07063197,43.6805,-71.5811,0.00125,,,,,46.1
743,743,New Hampshire,2017,9,0.071907958,43.6805,-71.5811,0.00125,,,,,47.9
744,744,New Hampshire,2018,1,0.061076605,43.6805,-71.5811,,,,,,18.3
745,745,New Hampshire,2018,10,0.062252964,43.6805,-71.5811,,,25.5,,,47.8
746,746,New Hampshire,2018,11,0.054393305,43.6805,-71.5811,,25.5,,,,46.2
747,747,New Hampshire,2018,12,0.038461538,43.6805,-71.5811,,25.5,,,,44.5
748,748,New Hampshire,2018,2,0.03427896,43.6805,-71.5811,,,,,25.5,22.7
749,749,New Hampshire,2018,3,0.066866267,43.6805,-71.5811,,,,,25.5,25.2
750,750,New Hampshire,2018,4,0.052361396,43.6805,-71.5811,,,,,25.5,28.4
751,751,New Hampshire,2018,5,0.056640625,43.6805,-71.5811,,,,25.5,,34.2
752,752,New Hampshire,2018,6,0.070320579,43.6805,-71.5811,,,,25.5,,38.7
753,753,New Hampshire,2018,7,0.05904059,43.6805,-71.5811,,,,25.5,,43.2
754,754,New Hampshire,2018,8,0.07706422,43.6805,-71.5811,,,25.5,,,46.4
755,755,New Hampshire,2018,9,0.046198268,43.6805,-71.5811,,,25.5,,,48.1
756,756,New Hampshire,2019,1,0.051396648,43.6805,-71.5811,,25.5,,,,18
757,757,New Hampshire,2019,10,0.053742802,43.6805,-71.5811,,,,,,46.3
758,758,New Hampshire,2019,11,0.048587571,43.6805,-71.5811,,,,,,44.9
759,759,New Hampshire,2019,12,0.046486486,43.6805,-71.5811,,,,,,43.3
760,760,New Hampshire,2019,2,0.067137809,43.6805,-71.5811,25.5,,,,,19.5
761,761,New Hampshire,2019,3,0.061909759,43.6805,-71.5811,25.5,,,,,22.1
762,762,New Hampshire,2019,4,0.04008222,43.6805,-71.5811,25.5,,,,,27.2
763,763,New Hampshire,2019,5,0.046906188,43.6805,-71.5811,,,,,,32
764,764,New Hampshire,2019,6,0.065372829,43.6805,-71.5811,,,,,,37
765,765,New Hampshire,2019,7,0.04744186,43.6805,-71.5811,,,,,,41.7
766,766,New Hampshire,2019,8,0.050561798,43.6805,-71.5811,,,,,,44.7
767,767,New Hampshire,2019,9,0.047188755,43.6805,-71.5811,,,,,,46.1
768,768,New Hampshire,2020,1,0.066666667,43.6805,-71.5811,,,,,,25.2
769,769,New Hampshire,2020,10,0.057596822,43.6805,-71.5811,,,,,,48.4
770,770,New Hampshire,2020,11,0.038901602,43.6805,-71.5811,,,,,,47.5
771,771,New Hampshire,2020,12,0.05548854,43.6805,-71.5811,,,,,,45.9
772,772,New Hampshire,2020,2,0.070921986,43.6805,-71.5811,,,,,,24.7
773,773,New Hampshire,2020,3,0.065868263,43.6805,-71.5811,,,,,,27.9
774,774,New Hampshire,2020,4,0.05629478,43.6805,-71.5811,,,,,,30.8
775,775,New Hampshire,2020,5,0.048338369,43.6805,-71.5811,,,,,,35.3
776,776,New Hampshire,2020,6,0.057401813,43.6805,-71.5811,,,,,,40.1
777,777,New Hampshire,2020,7,0.063368056,43.6805,-71.5811,,,,,,44.5
778,778,New Hampshire,2020,8,0.05177373,43.6805,-71.5811,,,,,,47.3
779,779,New Hampshire,2020,9,0.06639839,43.6805,-71.5811,,,,,,48.5
780,780,New Jersey,2016,1,0.084027438,40.1907,-74.6728,0.002,0.0105,0.017615385,0.121666667,0.014,31.4
781,781,New Jersey,2016,10,0.078240469,40.1907,-74.6728,0.121666667,0.014,0.0032,0.005666667,0.000666667,57.6
782,782,New Jersey,2016,11,0.083153607,40.1907,-74.6728,,0.007,0.006,0.00125,,56.6
783,783,New Jersey,2016,12,0.089471835,40.1907,-74.6728,0.014,0,0.006,0.00125,,55
784,784,New Jersey,2016,2,0.078138829,40.1907,-74.6728,0.002,0.009666667,0.039066667,,0.007,33.7
785,785,New Jersey,2016,3,0.080442197,40.1907,-74.6728,,0.007166667,0.047666667,0.014,0,38.1
786,786,New Jersey,2016,4,0.081584794,40.1907,-74.6728,0.0105,0.017615385,0.121666667,0.014,0.0032,41.3
787,787,New Jersey,2016,5,0.079834349,40.1907,-74.6728,0.009666667,0.039066667,,0.007,0.006,45.1
788,788,New Jersey,2016,6,0.078433611,40.1907,-74.6728,0.007166667,0.047666667,0.014,0,0.006,49.3
789,789,New Jersey,2016,7,0.078909927,40.1907,-74.6728,0.017615385,0.121666667,0.014,0.0032,0.005666667,53.3
790,790,New Jersey,2016,8,0.074547273,40.1907,-74.6728,0.039066667,,0.007,0.006,0.00125,56.3
791,791,New Jersey,2016,9,0.076028016,40.1907,-74.6728,0.047666667,0.014,0,0.006,0.00125,57.7
792,792,New Jersey,2017,1,0.077105724,40.1907,-74.6728,0.014,0.0032,0.005666667,0.000666667,,36.2
793,793,New Jersey,2017,10,0.076789437,40.1907,-74.6728,0.000666667,,,,,57.8
794,794,New Jersey,2017,11,0.076886848,40.1907,-74.6728,,,,,,56.5
795,795,New Jersey,2017,12,0.078057032,40.1907,-74.6728,,,,,,54.6
796,796,New Jersey,2017,2,0.083032973,40.1907,-74.6728,0.007,0.006,0.00125,,,38.3
797,797,New Jersey,2017,3,0.076361065,40.1907,-74.6728,0,0.006,0.00125,,,38.5
798,798,New Jersey,2017,4,0.074131274,40.1907,-74.6728,0.0032,0.005666667,0.000666667,,,42.9
799,799,New Jersey,2017,5,0.090589064,40.1907,-74.6728,0.006,0.00125,,,,46.3
800,800,New Jersey,2017,6,0.084085126,40.1907,-74.6728,0.006,0.00125,,,,50.3
801,801,New Jersey,2017,7,0.075204849,40.1907,-74.6728,0.005666667,0.000666667,,,,53.9
802,802,New Jersey,2017,8,0.077889447,40.1907,-74.6728,0.00125,,,,,56.1
803,803,New Jersey,2017,9,0.080050389,40.1907,-74.6728,0.00125,,,,,57.5
804,804,New Jersey,2018,1,0.083109592,40.1907,-74.6728,,,,,,29.2
805,805,New Jersey,2018,10,0.085135917,40.1907,-74.6728,,,29.66666667,,,57
806,806,New Jersey,2018,11,0.078126941,40.1907,-74.6728,,29.66666667,,,,55.7
807,807,New Jersey,2018,12,0.086908691,40.1907,-74.6728,,29.66666667,,,,54.2
808,808,New Jersey,2018,2,0.075777897,40.1907,-74.6728,,,,,29.66666667,34.3
809,809,New Jersey,2018,3,0.074753173,40.1907,-74.6728,,,,,29.66666667,35.6
810,810,New Jersey,2018,4,0.080397692,40.1907,-74.6728,,,,,29.66666667,38.7
811,811,New Jersey,2018,5,0.082098194,40.1907,-74.6728,,,,29.66666667,,44
812,812,New Jersey,2018,6,0.080845627,40.1907,-74.6728,,,,29.66666667,,48.4
813,813,New Jersey,2018,7,0.073754681,40.1907,-74.6728,,,,29.66666667,,52.3
814,814,New Jersey,2018,8,0.074398013,40.1907,-74.6728,,,29.66666667,,,55.4
815,815,New Jersey,2018,9,0.072813843,40.1907,-74.6728,,,29.66666667,,,57
816,816,New Jersey,2019,1,0.078162068,40.1907,-74.6728,,29.66666667,,,,31.6
817,817,New Jersey,2019,10,0.07649057,40.1907,-74.6728,,,,,,57.4
818,818,New Jersey,2019,11,0.081077694,40.1907,-74.6728,,,,,,55.9
819,819,New Jersey,2019,12,0.076095026,40.1907,-74.6728,,,,,,54.3
820,820,New Jersey,2019,2,0.082018498,40.1907,-74.6728,29.66666667,,,,,33.2
821,821,New Jersey,2019,3,0.084367557,40.1907,-74.6728,29.66666667,,,,,35.2
822,822,New Jersey,2019,4,0.075043414,40.1907,-74.6728,29.66666667,,,,,40.1
823,823,New Jersey,2019,5,0.076932181,40.1907,-74.6728,,,,,,44.7
824,824,New Jersey,2019,6,0.079386018,40.1907,-74.6728,,,,,,49
825,825,New Jersey,2019,7,0.077071949,40.1907,-74.6728,,,,,,53.1
826,826,New Jersey,2019,8,0.072087912,40.1907,-74.6728,,,,,,55.8
827,827,New Jersey,2019,9,0.078746439,40.1907,-74.6728,,,,,,57.3
828,828,New Jersey,2020,1,0.078821363,40.1907,-74.6728,,,,,,37.3
829,829,New Jersey,2020,10,0.077466566,40.1907,-74.6728,,,,,,58
830,830,New Jersey,2020,11,0.070114499,40.1907,-74.6728,,,,,,57.2
831,831,New Jersey,2020,12,0.074848724,40.1907,-74.6728,,,,,,55.5
832,832,New Jersey,2020,2,0.080153683,40.1907,-74.6728,,,,,,38.2
833,833,New Jersey,2020,3,0.080514706,40.1907,-74.6728,,,,,,40.9
834,834,New Jersey,2020,4,0.080842912,40.1907,-74.6728,,,,,,42.9
835,835,New Jersey,2020,5,0.071616138,40.1907,-74.6728,,,,,,46.1
836,836,New Jersey,2020,6,0.075655164,40.1907,-74.6728,,,,,,50.3
837,837,New Jersey,2020,7,0.082061288,40.1907,-74.6728,,,,,,54.4
838,838,New Jersey,2020,8,0.074635501,40.1907,-74.6728,,,,,,57
839,839,New Jersey,2020,9,0.072851517,40.1907,-74.6728,,,,,,58.1
840,840,New York,2016,1,0.077256808,42.9538,-75.5268,0.002,0.0105,0.017615385,0.121666667,0.014,23.7
841,841,New York,2016,10,0.08003275,42.9538,-75.5268,0.121666667,0.014,0.0032,0.005666667,0.000666667,50.4
842,842,New York,2016,11,0.080942184,42.9538,-75.5268,,0.007,0.006,0.00125,,49.5
843,843,New York,2016,12,0.085140521,42.9538,-75.5268,0.014,0,0.006,0.00125,,47.7
844,844,New York,2016,2,0.077460143,42.9538,-75.5268,0.002,0.009666667,0.039066667,,0.007,25.2
845,845,New York,2016,3,0.081787698,42.9538,-75.5268,,0.007166667,0.047666667,0.014,0,29.4
846,846,New York,2016,4,0.082000734,42.9538,-75.5268,0.0105,0.017615385,0.121666667,0.014,0.0032,32.4
847,847,New York,2016,5,0.076617566,42.9538,-75.5268,0.009666667,0.039066667,,0.007,0.006,37
848,848,New York,2016,6,0.078658568,42.9538,-75.5268,0.007166667,0.047666667,0.014,0,0.006,41.6
849,849,New York,2016,7,0.076215506,42.9538,-75.5268,0.017615385,0.121666667,0.014,0.0032,0.005666667,45.7
850,850,New York,2016,8,0.077824505,42.9538,-75.5268,0.039066667,,0.007,0.006,0.00125,48.8
851,851,New York,2016,9,0.07783536,42.9538,-75.5268,0.047666667,0.014,0,0.006,0.00125,50.4
852,852,New York,2017,1,0.081067987,42.9538,-75.5268,0.014,0.0032,0.005666667,0.000666667,,27.9
853,853,New York,2017,10,0.084957013,42.9538,-75.5268,0.000666667,,,,,50.4
854,854,New York,2017,11,0.078394184,42.9538,-75.5268,,,,,,49.1
855,855,New York,2017,12,0.081610738,42.9538,-75.5268,,,,,,46.9
856,856,New York,2017,2,0.082433531,42.9538,-75.5268,0.007,0.006,0.00125,,,29.3
857,857,New York,2017,3,0.078865681,42.9538,-75.5268,0,0.006,0.00125,,,28.9
858,858,New York,2017,4,0.080052493,42.9538,-75.5268,0.0032,0.005666667,0.000666667,,,33.9
859,859,New York,2017,5,0.079120993,42.9538,-75.5268,0.006,0.00125,,,,37.9
860,860,New York,2017,6,0.080982665,42.9538,-75.5268,0.006,0.00125,,,,42.3
861,861,New York,2017,7,0.082552058,42.9538,-75.5268,0.005666667,0.000666667,,,,45.9
862,862,New York,2017,8,0.079030764,42.9538,-75.5268,0.00125,,,,,48.4
863,863,New York,2017,9,0.079625057,42.9538,-75.5268,0.00125,,,,,49.9
864,864,New York,2018,1,0.085222502,42.9538,-75.5268,,,,,,19.1
865,865,New York,2018,10,0.07919763,42.9538,-75.5268,,,29.66666667,,,49.3
866,866,New York,2018,11,0.082179082,42.9538,-75.5268,,29.66666667,,,,47.8
867,867,New York,2018,12,0.083673137,42.9538,-75.5268,,29.66666667,,,,46.2
868,868,New York,2018,2,0.080745342,42.9538,-75.5268,,,,,29.66666667,24.3
869,869,New York,2018,3,0.083836818,42.9538,-75.5268,,,,,29.66666667,26.1
870,870,New York,2018,4,0.083333333,42.9538,-75.5268,,,,,29.66666667,29.1
871,871,New York,2018,5,0.079658242,42.9538,-75.5268,,,,29.66666667,,35.2
872,872,New York,2018,6,0.078636011,42.9538,-75.5268,,,,29.66666667,,39.9
873,873,New York,2018,7,0.075803826,42.9538,-75.5268,,,,29.66666667,,44.4
874,874,New York,2018,8,0.077188316,42.9538,-75.5268,,,29.66666667,,,47.7
875,875,New York,2018,9,0.077126674,42.9538,-75.5268,,,29.66666667,,,49.4
876,876,New York,2019,1,0.078626497,42.9538,-75.5268,,29.66666667,,,,19.4
877,877,New York,2019,10,0.078746421,42.9538,-75.5268,,,,,,48.3
878,878,New York,2019,11,0.081637268,42.9538,-75.5268,,,,,,46.9
879,879,New York,2019,12,0.081829188,42.9538,-75.5268,,,,,,45.2
880,880,New York,2019,2,0.083036701,42.9538,-75.5268,29.66666667,,,,,21.8
881,881,New York,2019,3,0.083095996,42.9538,-75.5268,29.66666667,,,,,24.4
882,882,New York,2019,4,0.081881436,42.9538,-75.5268,29.66666667,,,,,29.4
883,883,New York,2019,5,0.080777423,42.9538,-75.5268,,,,,,34.4
884,884,New York,2019,6,0.078950205,42.9538,-75.5268,,,,,,39.1
885,885,New York,2019,7,0.080619139,42.9538,-75.5268,,,,,,43.7
886,886,New York,2019,8,0.078181909,42.9538,-75.5268,,,,,,46.5
887,887,New York,2019,9,0.078345346,42.9538,-75.5268,,,,,,48.1
888,888,New York,2020,1,0.085294609,42.9538,-75.5268,,,,,,27.7
889,889,New York,2020,10,0.081307771,42.9538,-75.5268,,,,,,50.2
890,890,New York,2020,11,0.079408646,42.9538,-75.5268,,,,,,49.5
891,891,New York,2020,12,0.079788264,42.9538,-75.5268,,,,,,47.8
892,892,New York,2020,2,0.087881148,42.9538,-75.5268,,,,,,27.2
893,893,New York,2020,3,0.083962583,42.9538,-75.5268,,,,,,30.5
894,894,New York,2020,4,0.084013051,42.9538,-75.5268,,,,,,33.2
895,895,New York,2020,5,0.081864473,42.9538,-75.5268,,,,,,37.4
896,896,New York,2020,6,0.076174144,42.9538,-75.5268,,,,,,42
897,897,New York,2020,7,0.077200807,42.9538,-75.5268,,,,,,46.4
898,898,New York,2020,8,0.081094583,42.9538,-75.5268,,,,,,49.2
899,899,New York,2020,9,0.081416127,42.9538,-75.5268,,,,,,50.3
900,900,North Carolina,2016,1,0.091095609,35.5557,-79.3877,0.0055,0.0105,0.017615385,0.121666667,0.014,38.4
901,901,North Carolina,2016,10,0.093036979,35.5557,-79.3877,0.121666667,0.014,952.3813333,518.3325692,759.7311034,63.4
902,902,North Carolina,2016,11,0.093715211,35.5557,-79.3877,,0.007,784.6158462,687.7585385,4.875,62.4
903,903,North Carolina,2016,12,0.098695349,35.5557,-79.3877,0.014,1200,458.3933929,728.251,,60.8
904,904,North Carolina,2016,2,0.09332055,35.5557,-79.3877,0.0055,0.009666667,0.039066667,,0.007,40.8
905,905,North Carolina,2016,3,0.089034103,35.5557,-79.3877,,0.007166667,0.047666667,0.014,1200,45.9
906,906,North Carolina,2016,4,0.088557321,35.5557,-79.3877,0.0105,0.017615385,0.121666667,0.014,952.3813333,49.1
907,907,North Carolina,2016,5,0.089432525,35.5557,-79.3877,0.009666667,0.039066667,,0.007,784.6158462,52.5
908,908,North Carolina,2016,6,0.090551954,35.5557,-79.3877,0.007166667,0.047666667,0.014,1200,458.3933929,56.3
909,909,North Carolina,2016,7,0.096758908,35.5557,-79.3877,0.017615385,0.121666667,0.014,952.3813333,518.3325692,59.7
910,910,North Carolina,2016,8,0.091099191,35.5557,-79.3877,0.039066667,,0.007,784.6158462,687.7585385,62.1
911,911,North Carolina,2016,9,0.090969018,35.5557,-79.3877,0.047666667,0.014,1200,458.3933929,728.251,63.5
912,912,North Carolina,2017,1,0.094765156,35.5557,-79.3877,0.014,952.3813333,518.3325692,759.7311034,400.8,45.4
913,913,North Carolina,2017,10,0.093963665,35.5557,-79.3877,759.7311034,400.8,926.5731343,,,63.9
914,914,North Carolina,2017,11,0.094767039,35.5557,-79.3877,4.875,334.1738095,1161.302,,,62.7
915,915,North Carolina,2017,12,0.095466827,35.5557,-79.3877,,607.1893939,1231.765385,,,61
916,916,North Carolina,2017,2,0.094859447,35.5557,-79.3877,0.007,784.6158462,687.7585385,4.875,334.1738095,48.1
917,917,North Carolina,2017,3,0.094161768,35.5557,-79.3877,1200,458.3933929,728.251,,607.1893939,48.7
918,918,North Carolina,2017,4,0.093048714,35.5557,-79.3877,952.3813333,518.3325692,759.7311034,400.8,926.5731343,52.5
919,919,North Carolina,2017,5,0.093450316,35.5557,-79.3877,784.6158462,687.7585385,4.875,334.1738095,1161.302,55.5
920,920,North Carolina,2017,6,0.096819224,35.5557,-79.3877,458.3933929,728.251,,607.1893939,1231.765385,58.6
921,921,North Carolina,2017,7,0.093422948,35.5557,-79.3877,518.3325692,759.7311034,400.8,926.5731343,,61.5
922,922,North Carolina,2017,8,0.089561568,35.5557,-79.3877,687.7585385,4.875,334.1738095,1161.302,,63.3
923,923,North Carolina,2017,9,0.092637692,35.5557,-79.3877,728.251,,607.1893939,1231.765385,,64.1
924,924,North Carolina,2018,1,0.094804664,35.5557,-79.3877,400.8,926.5731343,,,,35.9
925,925,North Carolina,2018,10,0.095233482,35.5557,-79.3877,,,25.5,,,63.2
926,926,North Carolina,2018,11,0.096203579,35.5557,-79.3877,,25.5,,,,61.8
927,927,North Carolina,2018,12,0.096777463,35.5557,-79.3877,,25.5,,,,60.4
928,928,North Carolina,2018,2,0.092641793,35.5557,-79.3877,334.1738095,1161.302,,,25.5,43.9
929,929,North Carolina,2018,3,0.08780636,35.5557,-79.3877,607.1893939,1231.765385,,,25.5,44.7
930,930,North Carolina,2018,4,0.086328592,35.5557,-79.3877,926.5731343,,,,25.5,47.6
931,931,North Carolina,2018,5,0.092077304,35.5557,-79.3877,1161.302,,,25.5,,52.4
932,932,North Carolina,2018,6,0.091199043,35.5557,-79.3877,1231.765385,,,25.5,,56.4
933,933,North Carolina,2018,7,0.093496333,35.5557,-79.3877,,,,25.5,,59.4
934,934,North Carolina,2018,8,0.093466508,35.5557,-79.3877,,,25.5,,,61.6
935,935,North Carolina,2018,9,0.087306917,35.5557,-79.3877,,,25.5,,,63.3
936,936,North Carolina,2019,1,0.091479821,35.5557,-79.3877,,25.5,,,,42
937,937,North Carolina,2019,10,0.093353028,35.5557,-79.3877,,,,,,64.2
938,938,North Carolina,2019,11,0.093600764,35.5557,-79.3877,,,,,,62.7
939,939,North Carolina,2019,12,0.097368158,35.5557,-79.3877,,,,,,61.3
940,940,North Carolina,2019,2,0.094460308,35.5557,-79.3877,25.5,,,,,45.1
941,941,North Carolina,2019,3,0.090488907,35.5557,-79.3877,25.5,,,,,46.3
942,942,North Carolina,2019,4,0.090105626,35.5557,-79.3877,25.5,,,,,50
943,943,North Carolina,2019,5,0.096128839,35.5557,-79.3877,,,,,,54.4
944,944,North Carolina,2019,6,0.09192142,35.5557,-79.3877,,,,,,57.7
945,945,North Carolina,2019,7,0.096273589,35.5557,-79.3877,,,,,,60.8
946,946,North Carolina,2019,8,0.093323564,35.5557,-79.3877,,,,,,62.8
947,947,North Carolina,2019,9,0.088927469,35.5557,-79.3877,,,,,,64.1
948,948,North Carolina,2020,1,0.098839577,35.5557,-79.3877,,,,,,46
949,949,North Carolina,2020,10,0.090936926,35.5557,-79.3877,,,,,,63.3
950,950,North Carolina,2020,11,0.098554979,35.5557,-79.3877,,,,,,62.5
951,951,North Carolina,2020,12,0.095802826,35.5557,-79.3877,,,,,,60.8
952,952,North Carolina,2020,2,0.091923835,35.5557,-79.3877,,,,,,46.5
953,953,North Carolina,2020,3,0.098405886,35.5557,-79.3877,,,,,,49.6
954,954,North Carolina,2020,4,0.099828068,35.5557,-79.3877,,,,,,51.6
955,955,North Carolina,2020,5,0.095930233,35.5557,-79.3877,,,,,,54
956,956,North Carolina,2020,6,0.092447379,35.5557,-79.3877,,,,,,57.2
957,957,North Carolina,2020,7,0.096048513,35.5557,-79.3877,,,,,,60.4
958,958,North Carolina,2020,8,0.091645232,35.5557,-79.3877,,,,,,62.5
959,959,North Carolina,2020,9,0.091194352,35.5557,-79.3877,,,,,,63.3
960,960,Oregon,2016,1,0.06631954,43.9336,-120.558,0.003,0.009833333,0.205638867,,0.0025,33.1
961,961,Oregon,2016,10,0.062365011,43.9336,-120.558,,0.0025,,0.002714286,,51.5
962,962,Oregon,2016,11,0.073734001,43.9336,-120.558,,0.0025,,0.002714286,,50.7
963,963,Oregon,2016,12,0.063312137,43.9336,-120.558,0.0025,,0.003166667,0,,48.8
964,964,Oregon,2016,2,0.0625,43.9336,-120.558,0.003,0.153154273,0.1499886,,0.0025,36.7
965,965,Oregon,2016,3,0.062372188,43.9336,-120.558,0.004454545,0.196661437,0.0045,0.0025,,38.2
966,966,Oregon,2016,4,0.065853659,43.9336,-120.558,0.009833333,0.205638867,,0.0025,,41.2
967,967,Oregon,2016,5,0.067112368,43.9336,-120.558,0.153154273,0.1499886,,0.0025,,43.6
968,968,Oregon,2016,6,0.065171504,43.9336,-120.558,0.196661437,0.0045,0.0025,,0.003166667,46.4
969,969,Oregon,2016,7,0.059112092,43.9336,-120.558,0.205638867,,0.0025,,0.002714286,49
970,970,Oregon,2016,8,0.063824483,43.9336,-120.558,0.1499886,,0.0025,,0.002714286,51.2
971,971,Oregon,2016,9,0.063236047,43.9336,-120.558,0.0045,0.0025,,0.003166667,0,51.8
972,972,Oregon,2017,1,0.071797817,43.9336,-120.558,0.0025,,0.002714286,,,26.7
973,973,Oregon,2017,10,0.062082405,43.9336,-120.558,,,,,,50.4
974,974,Oregon,2017,11,0.063235294,43.9336,-120.558,,,,,,49.4
975,975,Oregon,2017,12,0.076659039,43.9336,-120.558,,,,,,48
976,976,Oregon,2017,2,0.074861368,43.9336,-120.558,0.0025,,0.002714286,,,30.8
977,977,Oregon,2017,3,0.071135431,43.9336,-120.558,,0.003166667,0,,,34.4
978,978,Oregon,2017,4,0.06313416,43.9336,-120.558,,0.002714286,,,,36.5
979,979,Oregon,2017,5,0.064332036,43.9336,-120.558,,0.002714286,,,,39.8
980,980,Oregon,2017,6,0.066613588,43.9336,-120.558,0.003166667,0,,,,43.1
981,981,Oregon,2017,7,0.068529257,43.9336,-120.558,0.002714286,,,,,46.9
982,982,Oregon,2017,8,0.055126224,43.9336,-120.558,0.002714286,,,,,49.7
983,983,Oregon,2017,9,0.0637789,43.9336,-120.558,0,,,,,50.8
984,984,Oregon,2018,1,0.07446505,43.9336,-120.558,,,,,,37.5
985,985,Oregon,2018,10,0.068926554,43.9336,-120.558,,,,,,51
986,986,Oregon,2018,11,0.064545182,43.9336,-120.558,,,,,,49.9
987,987,Oregon,2018,12,0.066444175,43.9336,-120.558,,,,,,48.4
988,988,Oregon,2018,2,0.069835112,43.9336,-120.558,,,,,,35.4
989,989,Oregon,2018,3,0.067259589,43.9336,-120.558,,,,,,36.4
990,990,Oregon,2018,4,0.058295964,43.9336,-120.558,,,,,,38.5
991,991,Oregon,2018,5,0.062431843,43.9336,-120.558,,,,,,41.9
992,992,Oregon,2018,6,0.069837778,43.9336,-120.558,,,,,,44.7
993,993,Oregon,2018,7,0.059865772,43.9336,-120.558,,,,,,48.1
994,994,Oregon,2018,8,0.056701031,43.9336,-120.558,,,,,,50.4
995,995,Oregon,2018,9,0.068965517,43.9336,-120.558,,,,,,51.2
996,996,Oregon,2019,1,0.06525522,43.9336,-120.558,,,,,,35.3
997,997,Oregon,2019,10,0.065465981,43.9336,-120.558,,,,,0.224873306,49.1
998,998,Oregon,2019,11,0.065720457,43.9336,-120.558,,,,0.351863167,0.199475333,48.3
999,999,Oregon,2019,12,0.071664168,43.9336,-120.558,,,,0.224873306,,47.1
1000,1000,Oregon,2019,2,0.062053987,43.9336,-120.558,,,,,,32.1
1001,1001,Oregon,2019,3,0.070225521,43.9336,-120.558,,,,,,33.8
1002,1002,Oregon,2019,4,0.058099599,43.9336,-120.558,,,,,,36.9
1003,1003,Oregon,2019,5,0.07466443,43.9336,-120.558,,,,,,40
1004,1004,Oregon,2019,6,0.067366096,43.9336,-120.558,,,,,,43.2
1005,1005,Oregon,2019,7,0.06054112,43.9336,-120.558,,,,,,46.3
1006,1006,Oregon,2019,8,0.062430939,43.9336,-120.558,,,,,0.351863167,48.9
1007,1007,Oregon,2019,9,0.065930874,43.9336,-120.558,,,,,0.224873306,49.8
1008,1008,Oregon,2020,1,0.069875776,43.9336,-120.558,,,,0.224873306,,34.9
1009,1009,Oregon,2020,10,0.058076225,43.9336,-120.558,0.224873306,,,,,51.3
1010,1010,Oregon,2020,11,0.066485753,43.9336,-120.558,0.199475333,,,,,50.2
1011,1011,Oregon,2020,12,0.057507987,43.9336,-120.558,,,,,,48.8
1012,1012,Oregon,2020,2,0.06610499,43.9336,-120.558,,,0.351863167,0.199475333,,35.4
1013,1013,Oregon,2020,3,0.068317422,43.9336,-120.558,,,0.224873306,,,36.5
1014,1014,Oregon,2020,4,0.068822308,43.9336,-120.558,,,0.224873306,,,39
1015,1015,Oregon,2020,5,0.060240964,43.9336,-120.558,,0.351863167,0.199475333,,,41.7
1016,1016,Oregon,2020,6,0.058286724,43.9336,-120.558,,0.224873306,,,,44.4
1017,1017,Oregon,2020,7,0.061619232,43.9336,-120.558,,0.224873306,,,,47.5
1018,1018,Oregon,2020,8,0.063042221,43.9336,-120.558,0.351863167,0.199475333,,,,49.9
1019,1019,Oregon,2020,9,0.068443368,43.9336,-120.558,0.224873306,,,,,51.3
1020,1020,Rhode Island,2016,1,0.060849598,41.6762,-71.5562,0.002,0.003777778,0.017428571,0.121666667,0.014,31.3
1021,1021,Rhode Island,2016,10,0.066048667,41.6762,-71.5562,0.121666667,0.014,0.0032,0.005666667,0.000666667,54.7
1022,1022,Rhode Island,2016,11,0.068019093,41.6762,-71.5562,,0.007,0.006,0.00125,,53.8
1023,1023,Rhode Island,2016,12,0.069427527,41.6762,-71.5562,0.014,0,0.006,0.00125,,52.2
1024,1024,Rhode Island,2016,2,0.071246819,41.6762,-71.5562,0.002,0.0042,0.0375625,,0.007,32.2
1025,1025,Rhode Island,2016,3,0.069892473,41.6762,-71.5562,0.001857143,0.008285714,0.047666667,0.014,0,35.8
1026,1026,Rhode Island,2016,4,0.077105575,41.6762,-71.5562,0.003777778,0.017428571,0.121666667,0.014,0.0032,38.4
1027,1027,Rhode Island,2016,5,0.055555556,41.6762,-71.5562,0.0042,0.0375625,,0.007,0.006,42.3
1028,1028,Rhode Island,2016,6,0.08836689,41.6762,-71.5562,0.008285714,0.047666667,0.014,0,0.006,46.4
1029,1029,Rhode Island,2016,7,0.086153846,41.6762,-71.5562,0.017428571,0.121666667,0.014,0.0032,0.005666667,50.3
1030,1030,Rhode Island,2016,8,0.055220884,41.6762,-71.5562,0.0375625,,0.007,0.006,0.00125,53.3
1031,1031,Rhode Island,2016,9,0.073869901,41.6762,-71.5562,0.047666667,0.014,0,0.006,0.00125,54.7
1032,1032,Rhode Island,2017,1,0.055057618,41.6762,-71.5562,0.014,0.0032,0.005666667,0.000666667,,34.2
1033,1033,Rhode Island,2017,10,0.061043285,41.6762,-71.5562,0.000666667,,,,,54.5
1034,1034,Rhode Island,2017,11,0.068965517,41.6762,-71.5562,,,,,,53.5
1035,1035,Rhode Island,2017,12,0.075845974,41.6762,-71.5562,,,,,,51.5
1036,1036,Rhode Island,2017,2,0.077806122,41.6762,-71.5562,0.007,0.006,0.00125,,,34.7
1037,1037,Rhode Island,2017,3,0.057919622,41.6762,-71.5562,0,0.006,0.00125,,,34.5
1038,1038,Rhode Island,2017,4,0.056287425,41.6762,-71.5562,0.0032,0.005666667,0.000666667,,,38.8
1039,1039,Rhode Island,2017,5,0.055819477,41.6762,-71.5562,0.006,0.00125,,,,42.3
1040,1040,Rhode Island,2017,6,0.066518847,41.6762,-71.5562,0.006,0.00125,,,,46.4
1041,1041,Rhode Island,2017,7,0.059259259,41.6762,-71.5562,0.005666667,0.000666667,,,,49.9
1042,1042,Rhode Island,2017,8,0.06300813,41.6762,-71.5562,0.00125,,,,,52.4
1043,1043,Rhode Island,2017,9,0.062770563,41.6762,-71.5562,0.00125,,,,,54
1044,1044,Rhode Island,2018,1,0.071688943,41.6762,-71.5562,,,,,,27.6
1045,1045,Rhode Island,2018,10,0.082114736,41.6762,-71.5562,,,23.2,,,54.2
1046,1046,Rhode Island,2018,11,0.055345912,41.6762,-71.5562,,23.2,,,,53
1047,1047,Rhode Island,2018,12,0.072772898,41.6762,-71.5562,,23.2,,,,51.6
1048,1048,Rhode Island,2018,2,0.061946903,41.6762,-71.5562,,,,,23.2,32.7
1049,1049,Rhode Island,2018,3,0.069634703,41.6762,-71.5562,,,,,23.2,34.2
1050,1050,Rhode Island,2018,4,0.061059908,41.6762,-71.5562,,,,,23.2,36.8
1051,1051,Rhode Island,2018,5,0.0625,41.6762,-71.5562,,,,23.2,,41.7
1052,1052,Rhode Island,2018,6,0.056441718,41.6762,-71.5562,,,,23.2,,45.7
1053,1053,Rhode Island,2018,7,0.059284116,41.6762,-71.5562,,,,23.2,,49.7
1054,1054,Rhode Island,2018,8,0.058324496,41.6762,-71.5562,,,23.2,,,52.9
1055,1055,Rhode Island,2018,9,0.046327684,41.6762,-71.5562,,,23.2,,,54.4
1056,1056,Rhode Island,2019,1,0.06168446,41.6762,-71.5562,,23.2,,,,29
1057,1057,Rhode Island,2019,10,0.069605568,41.6762,-71.5562,,,,,,53.3
1058,1058,Rhode Island,2019,11,0.061381074,41.6762,-71.5562,,,,,,52.1
1059,1059,Rhode Island,2019,12,0.086574655,41.6762,-71.5562,,,,,,50.6
1060,1060,Rhode Island,2019,2,0.05156038,41.6762,-71.5562,23.2,,,,,30.3
1061,1061,Rhode Island,2019,3,0.068010076,41.6762,-71.5562,23.2,,,,,32.2
1062,1062,Rhode Island,2019,4,0.05994898,41.6762,-71.5562,23.2,,,,,36.4
1063,1063,Rhode Island,2019,5,0.056647399,41.6762,-71.5562,,,,,,40.4
1064,1064,Rhode Island,2019,6,0.084033613,41.6762,-71.5562,,,,,,44.8
1065,1065,Rhode Island,2019,7,0.065895954,41.6762,-71.5562,,,,,,49.1
1066,1066,Rhode Island,2019,8,0.060502283,41.6762,-71.5562,,,,,,51.8
1067,1067,Rhode Island,2019,9,0.064587973,41.6762,-71.5562,,,,,,53.2
1068,1068,Rhode Island,2020,1,0.087654321,41.6762,-71.5562,,,,,,35.3
1069,1069,Rhode Island,2020,10,0.040097205,41.6762,-71.5562,,,,,,55
1070,1070,Rhode Island,2020,11,0.067934783,41.6762,-71.5562,,,,,,54.4
1071,1071,Rhode Island,2020,12,0.0626703,41.6762,-71.5562,,,,,,52.8
1072,1072,Rhode Island,2020,2,0.066167291,41.6762,-71.5562,,,,,,35.4
1073,1073,Rhode Island,2020,3,0.055359246,41.6762,-71.5562,,,,,,37.8
1074,1074,Rhode Island,2020,4,0.071604938,41.6762,-71.5562,,,,,,39.4
1075,1075,Rhode Island,2020,5,0.082847141,41.6762,-71.5562,,,,,,42.8
1076,1076,Rhode Island,2020,6,0.066825776,41.6762,-71.5562,,,,,,47
1077,1077,Rhode Island,2020,7,0.057110862,41.6762,-71.5562,,,,,,51.1
1078,1078,Rhode Island,2020,8,0.068108108,41.6762,-71.5562,,,,,,53.9
1079,1079,Rhode Island,2020,9,0.064276885,41.6762,-71.5562,,,,,,55.1
1080,1080,South Carolina,2016,1,0.09689677,33.9169,-80.8964,0.004555556,0.007142857,0.026125,0.0866,0.014,43
1081,1081,South Carolina,2016,10,0.099278744,33.9169,-80.8964,0.0866,0.014,975.6101463,518.3326462,667.6427879,67.4
1082,1082,South Carolina,2016,11,0.094105263,33.9169,-80.8964,0.034,0.007,809.5242857,677.3380303,2.43875,66.3
1083,1083,South Carolina,2016,12,0.092348828,33.9169,-80.8964,0.032,1200,466.7279091,678.8782203,,64.9
1084,1084,South Carolina,2016,2,0.081596055,33.9169,-80.8964,0.0045,0.00725,0.0566,0.034,0.007,45.5
1085,1085,South Carolina,2016,3,0.097332222,33.9169,-80.8964,0.004833333,0.009666667,0.051454545,0.032,1200,50.5
1086,1086,South Carolina,2016,4,0.09773921,33.9169,-80.8964,0.007142857,0.026125,0.0866,0.014,975.6101463,53.7
1087,1087,South Carolina,2016,5,0.096968394,33.9169,-80.8964,0.00725,0.0566,0.034,0.007,809.5242857,57
1088,1088,South Carolina,2016,6,0.089801817,33.9169,-80.8964,0.009666667,0.051454545,0.032,1200,466.7279091,60.8
1089,1089,South Carolina,2016,7,0.098684211,33.9169,-80.8964,0.026125,0.0866,0.014,975.6101463,518.3326462,64
1090,1090,South Carolina,2016,8,0.101231717,33.9169,-80.8964,0.0566,0.034,0.007,809.5242857,677.3380303,66.3
1091,1091,South Carolina,2016,9,0.091055926,33.9169,-80.8964,0.051454545,0.032,1200,466.7279091,678.8782203,67.5
1092,1092,South Carolina,2017,1,0.093696398,33.9169,-80.8964,0.014,975.6101463,518.3326462,667.6427879,400.8,51.4
1093,1093,South Carolina,2017,10,0.095061728,33.9169,-80.8964,667.6427879,400.8,926.5731343,,,67.9
1094,1094,South Carolina,2017,11,0.095600677,33.9169,-80.8964,2.43875,334.1738095,1161.302,,,66.6
1095,1095,South Carolina,2017,12,0.096341982,33.9169,-80.8964,,607.1893939,1231.765385,,,65.1
1096,1096,South Carolina,2017,2,0.095858539,33.9169,-80.8964,0.007,809.5242857,677.3380303,2.43875,334.1738095,53.5
1097,1097,South Carolina,2017,3,0.092549843,33.9169,-80.8964,1200,466.7279091,678.8782203,,607.1893939,54.1
1098,1098,South Carolina,2017,4,0.094635746,33.9169,-80.8964,975.6101463,518.3326462,667.6427879,400.8,926.5731343,57.4
1099,1099,South Carolina,2017,5,0.096864865,33.9169,-80.8964,809.5242857,677.3380303,2.43875,334.1738095,1161.302,60.2
1100,1100,South Carolina,2017,6,0.104981826,33.9169,-80.8964,466.7279091,678.8782203,,607.1893939,1231.765385,63
1101,1101,South Carolina,2017,7,0.097421203,33.9169,-80.8964,518.3326462,667.6427879,400.8,926.5731343,,65.5
1102,1102,South Carolina,2017,8,0.094845361,33.9169,-80.8964,677.3380303,2.43875,334.1738095,1161.302,,67.3
1103,1103,South Carolina,2017,9,0.092325903,33.9169,-80.8964,678.8782203,,607.1893939,1231.765385,,68.1
1104,1104,South Carolina,2018,1,0.095378772,33.9169,-80.8964,400.8,926.5731343,,,,40.6
1105,1105,South Carolina,2018,10,0.083247898,33.9169,-80.8964,,,,,,67.1
1106,1106,South Carolina,2018,11,0.091912545,33.9169,-80.8964,,,,,,65.7
1107,1107,South Carolina,2018,12,0.092348828,33.9169,-80.8964,,,,,,64.3
1108,1108,South Carolina,2018,2,0.088150289,33.9169,-80.8964,334.1738095,1161.302,,,,49
1109,1109,South Carolina,2018,3,0.095831543,33.9169,-80.8964,607.1893939,1231.765385,,,,50
1110,1110,South Carolina,2018,4,0.095227475,33.9169,-80.8964,926.5731343,,,,,52.5
1111,1111,South Carolina,2018,5,0.09367731,33.9169,-80.8964,1161.302,,,,,56.8
1112,1112,South Carolina,2018,6,0.100134108,33.9169,-80.8964,1231.765385,,,,,60.7
1113,1113,South Carolina,2018,7,0.10786144,33.9169,-80.8964,,,,,,63.5
1114,1114,South Carolina,2018,8,0.096228616,33.9169,-80.8964,,,,,,65.5
1115,1115,South Carolina,2018,9,0.098732625,33.9169,-80.8964,,,,,,67.1
1116,1116,South Carolina,2019,1,0.096224117,33.9169,-80.8964,,,,,,46.7
1117,1117,South Carolina,2019,10,0.10295003,33.9169,-80.8964,,,,,,67.9
1118,1118,South Carolina,2019,11,0.104278075,33.9169,-80.8964,,,,,,66.4
1119,1119,South Carolina,2019,12,0.099268548,33.9169,-80.8964,,,,,,65
1120,1120,South Carolina,2019,2,0.10334275,33.9169,-80.8964,,,,,,49.9
1121,1121,South Carolina,2019,3,0.093953893,33.9169,-80.8964,,,,,,51.3
1122,1122,South Carolina,2019,4,0.091974752,33.9169,-80.8964,,,,,,54.5
1123,1123,South Carolina,2019,5,0.093969434,33.9169,-80.8964,,,,,,58.6
1124,1124,South Carolina,2019,6,0.102123814,33.9169,-80.8964,,,,,,61.7
1125,1125,South Carolina,2019,7,0.102146264,33.9169,-80.8964,,,,,,64.5
1126,1126,South Carolina,2019,8,0.096280914,33.9169,-80.8964,,,,,,66.5
1127,1127,South Carolina,2019,9,0.089793414,33.9169,-80.8964,,,,,,67.8
1128,1128,South Carolina,2020,1,0.097805242,33.9169,-80.8964,,,,,,50.3
1129,1129,South Carolina,2020,10,0.104594537,33.9169,-80.8964,,,,,,67.1
1130,1130,South Carolina,2020,11,0.092793,33.9169,-80.8964,,,,,,66.3
1131,1131,South Carolina,2020,12,0.098538622,33.9169,-80.8964,,,,,,64.6
1132,1132,South Carolina,2020,2,0.104446013,33.9169,-80.8964,,,,,,50.6
1133,1133,South Carolina,2020,3,0.094525235,33.9169,-80.8964,,,,,,53.9
1134,1134,South Carolina,2020,4,0.091554131,33.9169,-80.8964,,,,,,55.9
1135,1135,South Carolina,2020,5,0.094406367,33.9169,-80.8964,,,,,,58.3
1136,1136,South Carolina,2020,6,0.095061189,33.9169,-80.8964,,,,,,61.3
1137,1137,South Carolina,2020,7,0.099333611,33.9169,-80.8964,,,,,,64.2
1138,1138,South Carolina,2020,8,0.093984201,33.9169,-80.8964,,,,,,66.2
1139,1139,South Carolina,2020,9,0.098568507,33.9169,-80.8964,,,,,,67
1140,1140,Virginia,2016,1,0.086362527,37.5215,-78.8537,0.002,0.0105,0.017615385,0.121666667,0.014,33.1
1141,1141,Virginia,2016,10,0.082732083,37.5215,-78.8537,0.121666667,0.014,0.0032,0.005666667,0.000666667,59.8
1142,1142,Virginia,2016,11,0.079990032,37.5215,-78.8537,,0.007,0.006,0.00125,,58.8
1143,1143,Virginia,2016,12,0.08487395,37.5215,-78.8537,0.014,0,0.006,0.00125,,57.1
1144,1144,Virginia,2016,2,0.083271191,37.5215,-78.8537,0.002,0.009666667,0.039066667,,0.007,35.8
1145,1145,Virginia,2016,3,0.078085352,37.5215,-78.8537,,0.007166667,0.047666667,0.014,0,41.1
1146,1146,Virginia,2016,4,0.080654942,37.5215,-78.8537,0.0105,0.017615385,0.121666667,0.014,0.0032,44.6
1147,1147,Virginia,2016,5,0.072096737,37.5215,-78.8537,0.009666667,0.039066667,,0.007,0.006,48.1
1148,1148,Virginia,2016,6,0.081306463,37.5215,-78.8537,0.007166667,0.047666667,0.014,0,0.006,52
1149,1149,Virginia,2016,7,0.078252033,37.5215,-78.8537,0.017615385,0.121666667,0.014,0.0032,0.005666667,55.6
1150,1150,Virginia,2016,8,0.076315509,37.5215,-78.8537,0.039066667,,0.007,0.006,0.00125,58.3
1151,1151,Virginia,2016,9,0.082337018,37.5215,-78.8537,0.047666667,0.014,0,0.006,0.00125,59.8
1152,1152,Virginia,2017,1,0.085111632,37.5215,-78.8537,0.014,0.0032,0.005666667,0.000666667,,40.1
1153,1153,Virginia,2017,10,0.079756713,37.5215,-78.8537,0.000666667,,,,,60.4
1154,1154,Virginia,2017,11,0.082436843,37.5215,-78.8537,,,,,,59.1
1155,1155,Virginia,2017,12,0.086700233,37.5215,-78.8537,,,,,,57.3
1156,1156,Virginia,2017,2,0.079056865,37.5215,-78.8537,0.007,0.006,0.00125,,,43.1
1157,1157,Virginia,2017,3,0.089921185,37.5215,-78.8537,0,0.006,0.00125,,,44
1158,1158,Virginia,2017,4,0.081811065,37.5215,-78.8537,0.0032,0.005666667,0.000666667,,,48.2
1159,1159,Virginia,2017,5,0.08075418,37.5215,-78.8537,0.006,0.00125,,,,51.2
1160,1160,Virginia,2017,6,0.087191539,37.5215,-78.8537,0.006,0.00125,,,,54.5
1161,1161,Virginia,2017,7,0.083333333,37.5215,-78.8537,0.005666667,0.000666667,,,,57.7
1162,1162,Virginia,2017,8,0.080464763,37.5215,-78.8537,0.00125,,,,,59.6
1163,1163,Virginia,2017,9,0.084066362,37.5215,-78.8537,0.00125,,,,,60.5
1164,1164,Virginia,2018,1,0.081524361,37.5215,-78.8537,,,,,,31.8
1165,1165,Virginia,2018,10,0.081949841,37.5215,-78.8537,,,29.66666667,,,59.5
1166,1166,Virginia,2018,11,0.080148883,37.5215,-78.8537,,29.66666667,,,,58.1
1167,1167,Virginia,2018,12,0.082455918,37.5215,-78.8537,,29.66666667,,,,56.6
1168,1168,Virginia,2018,2,0.08173207,37.5215,-78.8537,,,,,29.66666667,38.5
1169,1169,Virginia,2018,3,0.082894106,37.5215,-78.8537,,,,,29.66666667,39.4
1170,1170,Virginia,2018,4,0.081212575,37.5215,-78.8537,,,,,29.66666667,42.6
1171,1171,Virginia,2018,5,0.079307094,37.5215,-78.8537,,,,29.66666667,,48
1172,1172,Virginia,2018,6,0.081904305,37.5215,-78.8537,,,,29.66666667,,52.2
1173,1173,Virginia,2018,7,0.07813041,37.5215,-78.8537,,,,29.66666667,,55.5
1174,1174,Virginia,2018,8,0.08029278,37.5215,-78.8537,,,29.66666667,,,57.9
1175,1175,Virginia,2018,9,0.089187328,37.5215,-78.8537,,,29.66666667,,,59.6
1176,1176,Virginia,2019,1,0.088794397,37.5215,-78.8537,,29.66666667,,,,36.3
1177,1177,Virginia,2019,10,0.079073778,37.5215,-78.8537,,,,,,60.5
1178,1178,Virginia,2019,11,0.084250474,37.5215,-78.8537,,,,,,58.9
1179,1179,Virginia,2019,12,0.089123867,37.5215,-78.8537,,,,,,57.5
1180,1180,Virginia,2019,2,0.085420145,37.5215,-78.8537,29.66666667,,,,,39.1
1181,1181,Virginia,2019,3,0.0822909,37.5215,-78.8537,29.66666667,,,,,40.7
1182,1182,Virginia,2019,4,0.079688895,37.5215,-78.8537,29.66666667,,,,,45
1183,1183,Virginia,2019,5,0.082597654,37.5215,-78.8537,,,,,,49.8
1184,1184,Virginia,2019,6,0.086788566,37.5215,-78.8537,,,,,,53.4
1185,1185,Virginia,2019,7,0.085634718,37.5215,-78.8537,,,,,,56.8
1186,1186,Virginia,2019,8,0.083437536,37.5215,-78.8537,,,,,,59
1187,1187,Virginia,2019,9,0.074793199,37.5215,-78.8537,,,,,,60.5
1188,1188,Virginia,2020,1,0.087210039,37.5215,-78.8537,,,,,,40.6
1189,1189,Virginia,2020,10,0.087431694,37.5215,-78.8537,,,,,,59.9
1190,1190,Virginia,2020,11,0.079540795,37.5215,-78.8537,,,,,,59.2
1191,1191,Virginia,2020,12,0.085256838,37.5215,-78.8537,,,,,,57.4
1192,1192,Virginia,2020,2,0.080658106,37.5215,-78.8537,,,,,,41.5
1193,1193,Virginia,2020,3,0.076952381,37.5215,-78.8537,,,,,,44.9
1194,1194,Virginia,2020,4,0.078718714,37.5215,-78.8537,,,,,,47
1195,1195,Virginia,2020,5,0.084658087,37.5215,-78.8537,,,,,,49.7
1196,1196,Virginia,2020,6,0.08045977,37.5215,-78.8537,,,,,,53.3
1197,1197,Virginia,2020,7,0.082720152,37.5215,-78.8537,,,,,,56.9
1198,1198,Virginia,2020,8,0.080830861,37.5215,-78.8537,,,,,,59.3
1199,1199,Virginia,2020,9,0.082705839,37.5215,-78.8537,,,,,,60
1200,1200,Washington,2016,1,0.064284729,47.3826,-120.447,0.004,0.003111111,0.003714286,,,33
1201,1201,Washington,2016,10,0.062333155,47.3826,-120.447,,,,0.003166667,,51.4
1202,1202,Washington,2016,11,0.065515273,47.3826,-120.447,,,,0.003166667,,50.6
1203,1203,Washington,2016,12,0.069666386,47.3826,-120.447,,,0.003166667,,,48.6
1204,1204,Washington,2016,2,0.063641635,47.3826,-120.447,0.003375,0.002285714,0.00575,,,36.1
1205,1205,Washington,2016,3,0.06250819,47.3826,-120.447,0.0029,0.0034,0.0045,,,38
1206,1206,Washington,2016,4,0.061266447,47.3826,-120.447,0.003111111,0.003714286,,,,41.4
1207,1207,Washington,2016,5,0.064222536,47.3826,-120.447,0.002285714,0.00575,,,,44.1
1208,1208,Washington,2016,6,0.062680568,47.3826,-120.447,0.0034,0.0045,,,0.003166667,46.8
1209,1209,Washington,2016,7,0.061956792,47.3826,-120.447,0.003714286,,,,0.003166667,49.2
1210,1210,Washington,2016,8,0.065033574,47.3826,-120.447,0.00575,,,,0.003166667,51.3
1211,1211,Washington,2016,9,0.058135048,47.3826,-120.447,0.0045,,,0.003166667,,51.8
1212,1212,Washington,2017,1,0.062747315,47.3826,-120.447,,,0.003166667,,,24.8
1213,1213,Washington,2017,10,0.067949073,47.3826,-120.447,,,,,,49.4
1214,1214,Washington,2017,11,0.067476002,47.3826,-120.447,,,,,,48.4
1215,1215,Washington,2017,12,0.069245256,47.3826,-120.447,,,,,,46.8
1216,1216,Washington,2017,2,0.061001517,47.3826,-120.447,,,0.003166667,,,27.9
1217,1217,Washington,2017,3,0.069164265,47.3826,-120.447,,0.003166667,,,,31.7
1218,1218,Washington,2017,4,0.068432056,47.3826,-120.447,,0.003166667,,,,34.8
1219,1219,Washington,2017,5,0.065126599,47.3826,-120.447,,0.003166667,,,,38.6
1220,1220,Washington,2017,6,0.063627857,47.3826,-120.447,0.003166667,,,,,42.1
1221,1221,Washington,2017,7,0.06487754,47.3826,-120.447,0.003166667,,,,,45.7
1222,1222,Washington,2017,8,0.065409773,47.3826,-120.447,0.003166667,,,,,48.5
1223,1223,Washington,2017,9,0.059139064,47.3826,-120.447,,,,,,49.8
1224,1224,Washington,2018,1,0.066401251,47.3826,-120.447,,,,,,35.4
1225,1225,Washington,2018,10,0.070402703,47.3826,-120.447,,,,,,50.5
1226,1226,Washington,2018,11,0.064758601,47.3826,-120.447,,,,,,49.4
1227,1227,Washington,2018,12,0.064828614,47.3826,-120.447,,,,,,48.1
1228,1228,Washington,2018,2,0.063976224,47.3826,-120.447,,,,,,33.9
1229,1229,Washington,2018,3,0.068721988,47.3826,-120.447,,,,,,35.5
1230,1230,Washington,2018,4,0.067247287,47.3826,-120.447,,,,,,38
1231,1231,Washington,2018,5,0.065814523,47.3826,-120.447,,,,,,41.9
1232,1232,Washington,2018,6,0.066575342,47.3826,-120.447,,,,,,44.6
1233,1233,Washington,2018,7,0.063349577,47.3826,-120.447,,,,,,47.9
1234,1234,Washington,2018,8,0.066940241,47.3826,-120.447,,,,,,50.2
1235,1235,Washington,2018,9,0.05894678,47.3826,-120.447,,,,,,50.8
1236,1236,Washington,2019,1,0.060993533,47.3826,-120.447,,,,,,34.2
1237,1237,Washington,2019,10,0.064847879,47.3826,-120.447,,,,,0.224873306,48.7
1238,1238,Washington,2019,11,0.065945946,47.3826,-120.447,,,,0.351863167,0.199475333,47.7
1239,1239,Washington,2019,12,0.07123494,47.3826,-120.447,,,,0.224873306,,46.5
1240,1240,Washington,2019,2,0.061627725,47.3826,-120.447,,,,,,29.8
1241,1241,Washington,2019,3,0.057875155,47.3826,-120.447,,,,,,31.9
1242,1242,Washington,2019,4,0.06370991,47.3826,-120.447,,,,,,35.5
1243,1243,Washington,2019,5,0.066817516,47.3826,-120.447,,,,,,39.5
1244,1244,Washington,2019,6,0.071567268,47.3826,-120.447,,,,,,42.9
1245,1245,Washington,2019,7,0.060314572,47.3826,-120.447,,,,,,45.8
1246,1246,Washington,2019,8,0.058280213,47.3826,-120.447,,,,,0.351863167,48.4
1247,1247,Washington,2019,9,0.06103352,47.3826,-120.447,,,,,0.224873306,49.4
1248,1248,Washington,2020,1,0.076866549,47.3826,-120.447,,,,0.224873306,,34.2
1249,1249,Washington,2020,10,0.063184858,47.3826,-120.447,0.224873306,,,,,50.5
1250,1250,Washington,2020,11,0.062598549,47.3826,-120.447,0.199475333,,,,,49.4
1251,1251,Washington,2020,12,0.070595457,47.3826,-120.447,,,,,,48.1
1252,1252,Washington,2020,2,0.068711656,47.3826,-120.447,,,0.351863167,0.199475333,,34.9
1253,1253,Washington,2020,3,0.062571104,47.3826,-120.447,,,0.224873306,,,36
1254,1254,Washington,2020,4,0.065322227,47.3826,-120.447,,,0.224873306,,,38.5
1255,1255,Washington,2020,5,0.065539112,47.3826,-120.447,,0.351863167,0.199475333,,,41.5
1256,1256,Washington,2020,6,0.06652602,47.3826,-120.447,,0.224873306,,,,44.2
1257,1257,Washington,2020,7,0.067720685,47.3826,-120.447,,0.224873306,,,,47.2
1258,1258,Washington,2020,8,0.064162971,47.3826,-120.447,0.351863167,0.199475333,,,,49.5
1259,1259,Washington,2020,9,0.06126021,47.3826,-120.447,0.224873306,,,,,50.8
